T_Feed_C,P_Feed_atm,z_Feed,N_Stages,N_Feed,Reflux_ratio,B_fraction,B_kmolh,D_kmolh,F_Feed_kmolh,P_col_atm
75.36999070109341,2.6123560533294627,0.3153480889944682,28,15,5.062424148784016,0.23480404623273754,23.480404623273753,76.51959537672624,100.0,2.6123560533294627
69.74975598263727,1.2633984752624996,0.3891399895422135,17,11,2.919755731451601,0.5312865245888196,53.128652458881966,46.871347541118034,100.0,1.2633984752624996
114.66594727405726,1.8276780079773602,0.49888523086488284,34,27,4.213426384387837,0.24300663066928965,24.300663066928966,75.69933693307104,100.0,1.8276780079773602
76.38873240599204,1.1327604045363846,0.4281783956502547,32,12,3.8927854316582393,0.39852963768209826,39.852963768209825,60.147036231790175,100.0,1.1327604045363846
86.43311491738676,2.4728945928948125,0.37002482590145674,30,15,4.428488018198994,0.3922847398195063,39.22847398195063,60.77152601804937,100.0,2.4728945928948125
103.83977994439755,2.1839284728365915,0.2841272795722664,13,9,3.4870809788697033,0.5289411634601082,52.89411634601082,47.10588365398918,100.0,2.1839284728365915
97.00548566108202,1.6114566538657922,0.5531258785117783,28,13,3.7586647246179092,0.7087064950545483,70.87064950545484,29.129350494545164,100.0,1.6114566538657922
98.5789956919017,2.1499316956295482,0.27892850769613375,25,17,2.347144304094432,0.22931285064367318,22.93128506436732,77.06871493563268,100.0,2.1499316956295482
82.80583737762174,2.565391327011045,0.395740892451129,27,13,5.397640270168829,0.4548253363727691,45.48253363727691,54.51746636272309,100.0,2.565391327011045
92.59096018555863,1.0291636468365644,0.6973367566211036,35,21,2.10262604649205,0.7469020107352351,74.69020107352351,25.30979892647649,100.0,1.0291636468365644
115.67189675991627,1.7464425026648653,0.42435248176908014,31,16,4.933398535596146,0.6278198465715408,62.78198465715408,37.21801534284592,100.0,1.7464425026648653
118.94779438046295,1.8814403162833973,0.26740729810302594,35,17,5.948398524934062,0.33732563307097363,33.732563307097365,66.26743669290263,100.0,1.8814403162833973
64.89658855366483,2.5063469385740795,0.30633007418550534,26,7,1.83603501470805,0.469431319675258,46.9431319675258,53.0568680324742,100.0,2.5063469385740795
91.41176172914022,2.3356868071262022,0.2831665887617665,27,6,4.302885431007157,0.653768519674162,65.3768519674162,34.6231480325838,100.0,2.3356868071262022
81.18963449600456,2.6749860001700716,0.33389538708552136,32,21,4.696524913926096,0.39938261468677466,39.93826146867747,60.06173853132253,100.0,2.6749860001700716
111.1305817160107,1.8077833962462773,0.35968697592176446,28,15,1.9496485215392652,0.2506072228687871,25.06072228687871,74.93927771312129,100.0,1.8077833962462773
102.5209570544987,2.953766476066196,0.4373957567580845,20,5,4.961115088867615,0.20785599887677947,20.785599887677947,79.21440011232205,100.0,2.953766476066196
83.3122099991228,2.5589132287087173,0.31083474657646687,12,5,4.668570193533793,0.34029202689262583,34.02920268926258,65.97079731073742,100.0,2.5589132287087173
117.74669502796556,1.349456359095797,0.2554166873532637,18,12,5.325660191602731,0.6384711250277144,63.84711250277144,36.15288749722856,100.0,1.349456359095797
81.48305428048069,1.2729122198637892,0.6180489996172119,33,17,3.426495578560089,0.44399976268601343,44.39997626860134,55.60002373139866,100.0,1.2729122198637892
66.16284216098134,2.1430103632265216,0.5398636497673919,17,13,4.434980230238992,0.6895190514535088,68.95190514535088,31.048094854649122,100.0,2.1430103632265216
113.66134658108538,1.2780329972010562,0.6837183613755554,28,19,2.6083069282938585,0.7966170629881553,79.66170629881553,20.33829370118447,100.0,1.2780329972010562
69.52231677308706,2.8202830347159935,0.38566787993351703,27,12,1.50520184207918,0.48677582540817876,48.67758254081787,51.32241745918213,100.0,2.8202830347159935
73.59229294364245,2.186470114658553,0.7322812735635904,32,23,5.28891555276454,0.31399317344133104,31.399317344133102,68.6006826558669,100.0,2.186470114658553
105.31173441601985,1.4877274160241325,0.6746429135967185,15,7,2.675563034097651,0.562836056062062,56.2836056062062,43.7163943937938,100.0,1.4877274160241325
119.37730829537028,1.7572994077908457,0.6371023505721898,19,13,5.070151651406102,0.7482518568512591,74.8251856851259,25.174814314874098,100.0,1.7572994077908457
70.25679539118177,1.1463734488336579,0.21172728406120309,19,6,5.265513027741232,0.4165181525888202,41.65181525888202,58.34818474111798,100.0,1.1463734488336579
64.41565011243154,1.0264848752014735,0.5835949802133933,26,10,3.9198058173700683,0.30547254576666294,30.547254576666294,69.45274542333371,100.0,1.0264848752014735
89.68460855434978,2.371083704842051,0.39827893286428245,29,15,2.4723404060587377,0.771668436346401,77.1668436346401,22.833156365359898,100.0,2.371083704842051
81.31188151885249,1.6910334219008467,0.700139557659758,17,8,2.036444571787502,0.2846572836059439,28.46572836059439,71.5342716394056,100.0,1.6910334219008467
75.33396569866306,1.5364305889029461,0.6502179303858159,33,19,3.1385548077992933,0.7452025964339595,74.52025964339595,25.479740356604054,100.0,1.5364305889029461
81.06366147265561,2.3608430476593067,0.786454925660016,33,19,4.203936695037481,0.3296625379276352,32.966253792763524,67.03374620723648,100.0,2.3608430476593067
84.62839690467514,2.604996379953363,0.29257191878387523,22,16,2.8445625732423734,0.27519566185738553,27.519566185738555,72.48043381426145,100.0,2.604996379953363
99.7746645497237,1.4413374154543832,0.7110061306758453,16,8,4.5592469313254185,0.7525048471155078,75.25048471155078,24.749515288449217,100.0,1.4413374154543832
98.24745950976174,2.2325828511673755,0.47251168117773745,34,11,2.542606274062398,0.4988202393647946,49.882023936479456,50.117976063520544,100.0,2.2325828511673755
92.73435645042377,2.3094698772656406,0.48402072251865885,17,5,3.248851456682125,0.6213379273350076,62.13379273350076,37.86620726649924,100.0,2.3094698772656406
95.70491210335598,1.223728767357276,0.5717137663151541,10,4,4.052532151325389,0.7933371802422331,79.33371802422332,20.666281975776684,100.0,1.223728767357276
117.94828626898811,2.3489656047789955,0.7045677977981513,21,8,3.2152207720987986,0.5060560223811299,50.60560223811299,49.39439776188701,100.0,2.3489656047789955
86.73527965715677,2.0904307248274403,0.3255720468906115,12,4,4.225357528787622,0.3192443844163518,31.92443844163518,68.07556155836483,100.0,2.0904307248274403
92.94555890978111,2.128678597051681,0.2714285215226729,19,12,3.505714739726092,0.2825629323722108,28.25629323722108,71.74370676277891,100.0,2.128678597051681
110.7379284243678,1.5065161329159658,0.6559405876865362,22,16,2.904059782029906,0.5023494790160138,50.23494790160138,49.76505209839862,100.0,1.5065161329159658
115.01074079883574,1.717464388608414,0.5439340905391316,14,5,1.936814013776933,0.7411036223593157,74.11036223593158,25.889637764068425,100.0,1.717464388608414
86.98557358054904,1.2660552281847557,0.628697671539219,13,4,3.906721935023764,0.3643294708986115,36.43294708986115,63.56705291013885,100.0,1.2660552281847557
62.93269499856302,2.77201775500999,0.6442397353189946,21,5,3.10664844876214,0.662664370428616,66.2664370428616,33.7335629571384,100.0,2.77201775500999
83.75507284956942,2.3004605008829677,0.24483001223771825,17,10,2.9242320886758915,0.39485939714225426,39.485939714225424,60.514060285774576,100.0,2.3004605008829677
63.78315225999822,2.66667687370151,0.28864792010983875,30,12,1.525157019626826,0.5833730368634678,58.33730368634677,41.66269631365323,100.0,2.66667687370151
95.52956932590267,1.1392636018959625,0.5149207132455274,14,4,2.831192180137455,0.3009237824625175,30.092378246251748,69.90762175374826,100.0,1.1392636018959625
99.4484460107394,2.8795572063791406,0.679385508271634,20,9,5.889982611203125,0.6204091329564896,62.040913295648956,37.959086704351044,100.0,2.8795572063791406
117.67862068700515,1.5916697367426775,0.35579408172685956,10,4,2.43337104720686,0.4396232258235039,43.96232258235039,56.03767741764961,100.0,1.5916697367426775
87.18424518633398,1.298833509401463,0.4556263552936191,24,17,4.109441719893049,0.7131852987418859,71.31852987418858,28.681470125811416,100.0,1.298833509401463
96.01026751522531,2.1644855029030046,0.5448450050496947,18,7,5.384608808642067,0.45200540265556743,45.20054026555675,54.79945973444325,100.0,2.1644855029030046
109.47311250626241,1.0969177352865127,0.6626120157420263,21,12,5.128214889040521,0.23333760064347636,23.333760064347636,76.66623993565236,100.0,1.0969177352865127
98.15762746471245,1.732674836290483,0.6135930094114345,22,6,3.017594725822808,0.6899246325160833,68.99246325160833,31.007536748391672,100.0,1.732674836290483
71.10373521260986,1.5478714237585063,0.5981988366651079,31,13,1.7537546752842759,0.5710783293587862,57.10783293587862,42.89216706412138,100.0,1.5478714237585063
106.5118421978506,2.057086529931584,0.691240914604886,25,12,3.127776469160719,0.3847143218659411,38.471432186594114,61.528567813405886,100.0,2.057086529931584
111.24882989365588,2.92097072372838,0.3121576416300542,12,4,4.404706177353258,0.6782024689362648,67.82024689362648,32.179753106373525,100.0,2.92097072372838
74.88345856542526,1.343175367789761,0.2220234622477385,17,9,5.8461426913466985,0.49593692931192856,49.593692931192855,50.406307068807145,100.0,1.343175367789761
84.85278158661275,2.6109821978309586,0.20019577149492665,28,6,5.477744196170475,0.5268049998791069,52.68049998791069,47.31950001208931,100.0,2.6109821978309586
69.43248816763894,2.6583349833072925,0.3178370535226403,10,5,4.3905951826535805,0.3793726202932425,37.937262029324245,62.062737970675755,100.0,2.6583349833072925
88.84557698417609,1.4803866375317276,0.6465182738003914,27,9,3.551188884569455,0.5240229997629031,52.40229997629031,47.59770002370969,100.0,1.4803866375317276
94.5710559318674,1.977250076261615,0.41282250181869035,30,13,5.902319449526869,0.2542621194170174,25.426211941701737,74.57378805829826,100.0,1.977250076261615
104.80633912220023,2.8750981699107365,0.521305431682678,20,6,3.364503392192467,0.6522389916344775,65.22389916344775,34.776100836552246,100.0,2.8750981699107365
96.71235623640416,2.71421771821284,0.3769012807742162,14,7,2.954389760861287,0.7852504174764834,78.52504174764834,21.474958252351655,100.0,2.71421771821284
85.17074061146356,2.514772358313885,0.5293742641072257,13,7,3.8316117057167043,0.43375931429170156,43.37593142917016,56.62406857082984,100.0,2.514772358313885
118.91782485147148,2.574120221526581,0.37304193618012166,13,7,4.7188189457072465,0.6863721473425408,68.63721473425409,31.362785265745913,100.0,2.574120221526581
66.84793597654328,1.3937837252534473,0.5687239813682458,28,20,5.245082076909209,0.5971914841099735,59.71914841099735,40.28085158900265,100.0,1.3937837252534473
76.93460474682789,1.6402845531064028,0.6723836012582332,28,18,2.8055099159856174,0.7518022742389667,75.18022742389667,24.819772576103333,100.0,1.6402845531064028
67.37960045297639,2.494857697480449,0.7015888525436043,35,9,3.27843774617193,0.3758872469155835,37.58872469155835,62.41127530844165,100.0,2.494857697480449
63.532215443907035,2.288779429087755,0.7473406973234193,10,6,2.1289505360849486,0.466120154419373,46.6120154419373,53.3879845580627,100.0,2.288779429087755
88.46446625687517,2.0702636488872734,0.6903722754679338,31,12,5.160394458253521,0.42811116036348273,42.811116036348274,57.188883963651726,100.0,2.0702636488872734
80.57985495847822,2.392632090606515,0.46815754177491115,26,15,1.7030913609514777,0.3828859135458842,38.28859135458842,61.71140864541158,100.0,2.392632090606515
114.44744222038423,2.28705197443594,0.40615853090611675,29,13,2.818090462346472,0.66900419834406,66.900419834406,33.099580165594006,100.0,2.28705197443594
76.25650985528428,1.0173814888709067,0.23697657791791016,34,17,5.172450126757578,0.716983729113178,71.6983729113178,28.301627088682196,100.0,1.0173814888709067
70.17235401139986,2.0056590098431184,0.45094731619434303,20,12,1.920878614880414,0.4684808713958301,46.84808713958301,53.15191286041699,100.0,2.0056590098431184
71.92421720163071,1.974627478722609,0.5614520943992906,31,16,4.638643557774664,0.6255236749237152,62.552367492371516,37.447632507628484,100.0,1.974627478722609
102.69091941693799,1.3141557093982037,0.5883355477176009,16,10,3.991424788405424,0.35295990143621087,35.29599014362109,64.70400985637892,100.0,1.3141557093982037
64.12143221504232,1.2434908428927827,0.3478428058175763,18,11,5.669842982786761,0.40862941365624394,40.862941365624394,59.137058634375606,100.0,1.2434908428927827
93.88619085415766,2.1134231808782973,0.2811437171715188,33,8,3.5880840759503267,0.6089200476057091,60.892004760570906,39.107995239429094,100.0,2.1134231808782973
65.29047439798434,1.2122278124316148,0.31437295599853715,25,14,5.53931030581892,0.5458273105945968,54.582731059459675,45.417268940540325,100.0,1.2122278124316148
94.03125847738325,1.1525893065994015,0.6255462391068003,16,4,3.796965531969631,0.6501560537356612,65.01560537356612,34.98439462643388,100.0,1.1525893065994015
85.6153787634918,2.202182537106908,0.6319429080234423,29,19,5.719420100433143,0.6110981426173587,61.10981426173587,38.89018573826413,100.0,2.202182537106908
83.06001350039494,2.336758200886244,0.7625773099082667,11,7,2.4578806898646026,0.626615685098177,62.6615685098177,37.3384314901823,100.0,2.336758200886244
112.28817869647555,1.8205030936747995,0.4079309971170314,27,19,3.8571624764260704,0.7542516719730568,75.42516719730568,24.574832802694317,100.0,1.8205030936747995
83.85282996014526,1.3047399681215346,0.4457634158444742,29,16,2.86790521317304,0.7064715284389889,70.64715284389888,29.35284715610112,100.0,1.3047399681215346
95.22996559882331,1.3346465304395962,0.44625135867647603,24,6,3.866520436518898,0.278329926322178,27.832992632217803,72.16700736778219,100.0,1.3346465304395962
72.42601959214973,1.562178090230767,0.5070921253945075,10,6,4.056708151632171,0.5599771555462421,55.99771555462421,44.00228444537579,100.0,1.562178090230767
78.0030735404949,2.904825167429967,0.5853651105708404,18,14,1.8637252083003604,0.7261147995295181,72.61147995295181,27.38852004704819,100.0,2.904825167429967
100.94842887040916,2.4355759296589263,0.4712221876964453,23,7,2.3951651224816835,0.23673006902399052,23.673006902399052,76.32699309760095,100.0,2.4355759296589263
108.01748174303138,2.9870599892489293,0.7210386186070241,32,19,4.137241999958491,0.5750412800738405,57.50412800738405,42.49587199261595,100.0,2.9870599892489293
72.17611064457833,1.4931069523374476,0.7312228177081708,34,26,2.2043370796845547,0.20446949461590017,20.446949461590016,79.55305053840999,100.0,1.4931069523374476
94.13451890022658,1.801161045332457,0.7588553564777076,30,14,4.751675610630828,0.528551729044683,52.8551729044683,47.1448270955317,100.0,1.801161045332457
116.36437200078926,1.6696887130890148,0.7277122834523926,21,16,1.7114245340594274,0.7621642139816147,76.21642139816147,23.783578601838528,100.0,1.6696887130890148
69.93424708223404,1.0916373300509967,0.753569975307038,16,5,5.563472512903656,0.6550293684474999,65.50293684475,34.497063155250004,100.0,1.0916373300509967
116.43876553591893,1.9248003430450424,0.6953295973267895,18,10,4.830544901131815,0.6821506658739829,68.21506658739828,31.784933412601717,100.0,1.9248003430450424
60.51974362915787,1.9711359558966413,0.6433256798500553,10,4,3.1347737871614108,0.7201514908174527,72.01514908174526,27.984850918254736,100.0,1.9711359558966413
89.25170170863346,1.3669218574516828,0.6863160133687554,12,8,4.615218104519204,0.4979787593131117,49.79787593131117,50.20212406868883,100.0,1.3669218574516828
83.93242915051059,1.474011805033014,0.4163184272606187,19,8,1.5131713975761487,0.5256482032161531,52.564820321615315,47.435179678384685,100.0,1.474011805033014
78.6055289354855,2.7606451750958634,0.42303654449681716,32,13,2.8559675981755532,0.2975845463633271,29.758454636332708,70.24154536366729,100.0,2.7606451750958634
97.32142811448527,1.0497904772631883,0.22121262143157852,33,17,4.272691589532236,0.21690526118708314,21.690526118708313,78.3094738812917,100.0,1.0497904772631883
119.7300409136301,1.8500669611821827,0.20240611260934943,16,6,2.665112264819613,0.3144090959635418,31.440909596354178,68.55909040364583,100.0,1.8500669611821827
63.60288316408876,2.5936479150655223,0.36889379904705244,27,10,2.327393442432292,0.6002383049042842,60.02383049042842,39.97616950957158,100.0,2.5936479150655223
109.93558613552636,2.226399931239393,0.44788106459810273,29,19,1.8497839188856495,0.7947732085136072,79.47732085136072,20.522679148639284,100.0,2.226399931239393
106.82497619990068,1.0650486853501957,0.21343970195479336,31,23,3.2850774344833367,0.24422667851876748,24.42266785187675,75.57733214812325,100.0,1.0650486853501957
109.87969936463405,2.544943384997439,0.29625256323695454,18,5,3.9608513904865514,0.300279352313728,30.027935231372798,69.9720647686272,100.0,2.544943384997439
84.76099492476976,1.5754621818961145,0.6522358536407307,30,14,4.561224259718784,0.696555171811641,69.6555171811641,30.3444828188359,100.0,1.5754621818961145
90.6009680235948,1.114094662534712,0.6029157507458023,32,24,4.953490941291147,0.34765263222386356,34.76526322238635,65.23473677761365,100.0,1.114094662534712
73.28959677083266,1.157198240159736,0.5558895917602551,13,7,1.6639000878183938,0.40367117607619085,40.367117607619086,59.632882392380914,100.0,1.157198240159736
83.21908574905,2.9914361092713837,0.7435142564931396,25,14,3.9956268198542872,0.31820616563301773,31.820616563301773,68.17938343669823,100.0,2.9914361092713837
102.04816495171826,2.275502373336878,0.7234313856149059,32,21,4.281329033580835,0.4791848589242326,47.91848589242326,52.08151410757674,100.0,2.275502373336878
100.85939629931023,2.4694387100737307,0.25328829917793017,20,15,3.2029603908155986,0.3463089382536955,34.630893825369554,65.36910617463045,100.0,2.4694387100737307
82.30875488393202,2.7348594624009674,0.7899568884914474,25,9,1.7350639729832893,0.3310346110361041,33.10346110361041,66.89653889638959,100.0,2.7348594624009674
108.75826877574511,1.842202722885618,0.5043288238239989,35,20,3.516206681947987,0.30233952304760325,30.233952304760326,69.76604769523968,100.0,1.842202722885618
88.57762902088432,1.2818325802755504,0.47926058271655847,20,14,3.7058225184665448,0.21852572339934975,21.852572339934976,78.14742766006502,100.0,1.2818325802755504
70.38815954724848,2.48659636810523,0.5280397379998796,33,8,5.117265697478532,0.6182484543144042,61.82484543144042,38.17515456855958,100.0,2.48659636810523
97.12742317223312,2.0766810534201148,0.5584300222052687,30,24,3.3726061874148305,0.5727341610902306,57.27341610902306,42.72658389097694,100.0,2.0766810534201148
99.50594466004867,2.2818802857127505,0.40666748289795196,24,10,5.5528432179120575,0.6296248912902209,62.96248912902209,37.03751087097791,100.0,2.2818802857127505
115.1636496347841,1.1059650831645982,0.5109257655743686,11,7,1.5686770944416273,0.39104865676673767,39.10486567667377,60.89513432332623,100.0,1.1059650831645982
66.67244291816786,1.4099811038627643,0.23460493685045514,31,10,2.592136667815381,0.32274850338166683,32.27485033816669,67.72514966183331,100.0,1.4099811038627643
91.26373300194044,1.3252015741367777,0.2439519269550863,24,12,2.4892815875749004,0.33546378991665327,33.54637899166533,66.45362100833466,100.0,1.3252015741367777
114.80540578691746,1.897797855015046,0.49365638566434045,23,18,3.7302859797897376,0.3126237629845549,31.26237629845549,68.7376237015445,100.0,1.897797855015046
91.97604115972891,2.6467134901247045,0.40510153664709636,16,5,2.9581091138505773,0.2123961167659189,21.239611676591892,78.76038832340811,100.0,2.6467134901247045
74.03056263681309,2.9763308629141867,0.44004889342777703,17,11,2.5557101153064448,0.4556680610800184,45.56680610800184,54.43319389199816,100.0,2.9763308629141867
80.48947808311986,1.0389659498635064,0.43793924655183036,33,12,5.863862272665476,0.5225587313690943,52.25587313690943,47.74412686309057,100.0,1.0389659498635064
119.27831420650833,1.1635845452277696,0.32771013557533457,17,4,1.9686024995439055,0.6661841778183335,66.61841778183334,33.381582218166656,100.0,1.1635845452277696
82.9773070213847,1.0875698432918317,0.546202379224211,24,5,4.940262990020532,0.7300155041356127,73.00155041356126,26.99844958643874,100.0,1.0875698432918317
110.8719947510747,1.0329083588959658,0.6737005872233928,23,7,4.981855591366626,0.5906076936585146,59.06076936585146,40.93923063414854,100.0,1.0329083588959658
87.28568642584867,2.554962804074135,0.5574192991144793,16,8,5.046520985317775,0.3434557506746747,34.34557506746747,65.65442493253252,100.0,2.554962804074135
72.05118276827255,2.6034094461738952,0.22570855371759624,18,11,4.4479665749105575,0.30757400007955116,30.757400007955116,69.24259999204489,100.0,2.6034094461738952
116.62396836478048,2.8167965828473673,0.2191703995296193,11,6,3.8822243865812274,0.6437286115750827,64.37286115750827,35.62713884249173,100.0,2.8167965828473673
113.01123996573747,1.4175373523748833,0.2293529735008541,30,16,1.9085271471672849,0.7232528193770515,72.32528193770516,27.674718062294843,100.0,1.4175373523748833
108.19014646986547,2.8919403211270787,0.5820981571482204,15,10,5.147066782728894,0.40268793508759815,40.26879350875981,59.73120649124019,100.0,2.8919403211270787
77.44235367340805,1.7534110387967161,0.3431316180268043,12,8,2.7351564457105555,0.3283054801753677,32.83054801753677,67.16945198246323,100.0,1.7534110387967161
104.12725723232731,1.5924202350699712,0.6617154981772866,27,9,4.7760246678640215,0.5058205176436785,50.582051764367854,49.417948235632146,100.0,1.5924202350699712
99.93038666588015,1.209390135020193,0.5662466675028625,11,6,3.7343711932626285,0.3716992165132696,37.16992165132696,62.83007834867304,100.0,1.209390135020193
115.8222407192358,1.3798372426452938,0.28920894490561533,13,6,4.476523936894524,0.28754119274275425,28.754119274275425,71.24588072572458,100.0,1.3798372426452938
71.71770853155003,2.294543778789534,0.35925154091005507,32,15,1.5785665732727376,0.38146964216526635,38.146964216526634,61.853035783473366,100.0,2.294543778789534
69.34061643101609,2.691833731103146,0.3875157091751795,22,16,4.817813486146135,0.2089923959892217,20.899239598922172,79.10076040107782,100.0,2.691833731103146
68.86742714654169,1.331715642947099,0.47064627777869517,32,12,5.932384046923891,0.27151972832449256,27.151972832449257,72.84802716755074,100.0,1.331715642947099
111.10173875859249,1.9285416721036563,0.46636722178986,20,14,4.69258568117519,0.5894903747752357,58.94903747752357,41.05096252247643,100.0,1.9285416721036563
70.94591030859479,2.9662323707167886,0.3945791088923791,35,26,3.0359755414639356,0.35703375126853454,35.70337512685345,64.29662487314656,100.0,2.9662323707167886
73.4780928039653,2.2986322486104624,0.5408568329154956,11,5,2.379811534769253,0.6722455501824427,67.22455501824427,32.775444981755726,100.0,2.2986322486104624
115.2204763058607,1.5199389076955132,0.5781457828772112,15,11,2.682837547597008,0.7610980652450403,76.10980652450404,23.890193475495963,100.0,1.5199389076955132
116.25348054087027,2.253662546015878,0.34507979756525603,29,7,5.734939418832867,0.6598988726595543,65.98988726595543,34.01011273404457,100.0,2.253662546015878
77.73385569343789,1.3390873704611352,0.29880006924266456,20,13,2.646713083117058,0.7311226808921776,73.11226808921776,26.887731910782236,100.0,1.3390873704611352
98.68181112189865,1.0230396737053102,0.7145939556163028,25,13,5.277510253171587,0.540564417384477,54.0564417384477,45.9435582615523,100.0,1.0230396737053102
72.3512963792703,1.7982399428359015,0.7752156190934703,30,9,4.483691524933115,0.5574777462956029,55.74777462956029,44.25222537043971,100.0,1.7982399428359015
113.992930490194,1.7134502796303304,0.2051357702496135,20,12,3.720871982743603,0.5606620531605419,56.06620531605419,43.93379468394581,100.0,1.7134502796303304
86.76735327172966,2.684605207965851,0.41569329290591006,10,4,5.7936249138828755,0.49721669617638775,49.721669617638774,50.278330382361226,100.0,2.684605207965851
109.03273515732513,1.4343567980897272,0.6412579838699439,16,5,4.645765284013471,0.2572912362634172,25.72912362634172,74.27087637365828,100.0,1.4343567980897272
102.20694551913014,1.6677365575877101,0.7654775386323782,11,5,2.9987539950549316,0.4936841262806246,49.36841262806246,50.63158737193754,100.0,1.6677365575877101
91.54820712308684,2.476170753050862,0.5811290749045217,14,9,5.217923907456967,0.37349984599661684,37.34998459966168,62.65001540033832,100.0,2.476170753050862
108.54712940200375,2.942710674744548,0.322537681643061,22,11,4.094420531580677,0.2939421291247096,29.39421291247096,70.60578708752904,100.0,2.942710674744548
72.55943081851325,2.626863004072276,0.6635284025736347,11,7,5.360469727481071,0.7657863198991306,76.57863198991306,23.421368010086937,100.0,2.626863004072276
79.28978537344557,2.459818303628809,0.2630466328186871,26,8,3.8454779964304553,0.3877923715053206,38.77923715053206,61.22076284946794,100.0,2.459818303628809
116.82503724927582,2.8598442692620294,0.44479899376629817,19,14,1.9853657531300268,0.4101731069952952,41.01731069952952,58.98268930047048,100.0,2.8598442692620294
90.1134044854059,2.9937063238983836,0.21046699883063505,18,10,4.177444745013991,0.5737221279426947,57.37221279426947,42.62778720573053,100.0,2.9937063238983836
82.74897002196064,2.312493335597631,0.23064168075726968,22,13,2.7890375511564303,0.729036167581181,72.90361675811809,27.09638324188191,100.0,2.312493335597631
65.91401741178572,2.0934338610904444,0.34753127412341583,11,7,4.328045592824187,0.7874512052988902,78.74512052988902,21.25487947011098,100.0,2.0934338610904444
96.57996641788651,1.0958324138605269,0.4884843373666442,30,11,2.985161143642996,0.7883290402942018,78.83290402942018,21.167095970579823,100.0,1.0958324138605269
105.01851913632544,2.9132428660024603,0.23231825726016056,20,15,5.091321439010009,0.429253320901566,42.9253320901566,57.0746679098434,100.0,2.9132428660024603
110.52102312383408,1.2954438744668575,0.4577043429445017,24,18,5.6857029469737945,0.7802134776393002,78.02134776393001,21.97865223606999,100.0,1.2954438744668575
100.26339115648958,2.163380971636574,0.7503500917523527,28,21,5.624804461438254,0.677579055120311,67.7579055120311,32.2420944879689,100.0,2.163380971636574
103.28587809722477,2.621675284887655,0.7557622402261925,27,19,2.027859717555983,0.6338377552822179,63.38377552822179,36.61622447177821,100.0,2.621675284887655
108.47604547892499,1.953071466112359,0.7390220453510867,19,12,4.531555231540149,0.6562567066359797,65.62567066359797,34.37432933640203,100.0,1.953071466112359
105.88286556211457,1.5292088433182842,0.39713566505745956,27,20,5.243891958002842,0.22001483250903067,22.001483250903068,77.99851674909694,100.0,1.5292088433182842
60.149206883864096,1.2577937810748359,0.45409079676045866,14,6,4.77122988922947,0.36182457677181146,36.18245767718115,63.81754232281885,100.0,1.2577937810748359
94.6824983468245,1.6982558267343024,0.7374684100212969,19,4,4.898664562967792,0.6098850219635673,60.988502196356734,39.011497803643266,100.0,1.6982558267343024
78.26560667819138,1.0408749962353236,0.4855550613679552,15,5,5.802774813464563,0.4123466830423193,41.23466830423193,58.76533169576807,100.0,1.0408749962353236
75.64336037375648,2.0554581246695585,0.6653091731569442,13,8,2.748046351802148,0.3269668462570685,32.69668462570685,67.30331537429315,100.0,2.0554581246695585
86.01063563822743,1.1203284830674252,0.5421439012242139,30,15,5.337385653181131,0.515338781124423,51.5338781124423,48.4661218875577,100.0,1.1203284830674252
73.34712998393977,2.2699233493395083,0.7726943110517093,16,7,5.892885374628913,0.3066726987517634,30.667269875176338,69.33273012482366,100.0,2.2699233493395083
84.50229748127289,2.792235889238813,0.5247539639940507,16,8,2.497059753066617,0.6972432194238057,69.72432194238057,30.27567805761943,100.0,2.792235889238813
111.65508020232407,2.2175539940752635,0.580352142139861,18,10,1.6076126428909652,0.3097408077172934,30.97408077172934,69.02591922827065,100.0,2.2175539940752635
95.87562274433111,2.0039053243059874,0.735054710972892,16,9,3.2988742887100426,0.34505959011522136,34.50595901152214,65.49404098847786,100.0,2.0039053243059874
98.82201535227347,1.5543779909240918,0.4250114437069932,15,9,5.749624478423988,0.2920378563801718,29.203785638017184,70.79621436198282,100.0,1.5543779909240918
96.88890691822583,1.7017407853675026,0.33300187302148765,32,10,5.616469579042007,0.4590898563250134,45.90898563250134,54.09101436749866,100.0,1.7017407853675026
63.22397972272303,1.854296444461418,0.2501000998836809,26,8,1.900133167970376,0.3933138277285778,39.33138277285778,60.66861722714222,100.0,1.854296444461418
111.39147345032087,2.8542375154589585,0.5495138341840317,18,4,2.9688046803962536,0.6830388936711445,68.30388936711445,31.69611063288555,100.0,2.8542375154589585
87.56757961567428,2.8931553282199154,0.4109687632603137,32,21,1.9948256530807305,0.631344516412502,63.1344516412502,36.8655483587498,100.0,2.8931553282199154
104.68170214070513,1.8129593332771616,0.7377154830128692,13,9,5.200686202179066,0.28089958789845915,28.089958789845916,71.91004121015408,100.0,1.8129593332771616
80.70895274392358,1.239071796592011,0.262225481328586,15,5,3.260999406654081,0.6757417286557625,67.57417286557626,32.42582713442374,100.0,1.239071796592011
112.3230020393838,2.0370816744744604,0.5739619494520751,22,14,2.444523821268171,0.26298843206076483,26.298843206076484,73.70115679392352,100.0,2.0370816744744604
94.41600249685168,2.769983576690924,0.7610841376420245,29,18,3.5153583871350715,0.5010095411107481,50.10095411107481,49.89904588892519,100.0,2.769983576690924
73.10646998791265,2.7365061586168675,0.34039563130610484,34,18,1.7220134844407575,0.4321388174161566,43.21388174161566,56.78611825838434,100.0,2.7365061586168675
100.10575036109336,1.4638505491734697,0.5238644027971584,29,20,3.0252932926435268,0.7923948941440635,79.23948941440635,20.76051058559365,100.0,1.4638505491734697
62.87372239738829,1.4972858828358233,0.2084467102326611,26,20,5.764137086666614,0.31057613853751326,31.057613853751327,68.94238614624868,100.0,1.4972858828358233
96.19870024301076,1.5244305576239277,0.31732844252736725,18,14,4.874714484046976,0.5533756687887403,55.337566878874036,44.662433121125964,100.0,1.5244305576239277
60.463435856489994,1.2075271183205454,0.3299181060676053,19,7,2.386986709760536,0.763432337846291,76.3432337846291,23.656766215370894,100.0,1.2075271183205454
71.35115406138483,2.445985192315514,0.7650258543407016,34,21,5.878348169873389,0.36986073718735346,36.98607371873535,63.01392628126465,100.0,2.445985192315514
105.96883104271387,2.121760488140189,0.634813114399982,28,18,2.5014388369978198,0.6422370021733805,64.22370021733805,35.77629978266195,100.0,2.121760488140189
66.72458153715547,1.7808440982539517,0.32948838301039285,19,5,1.5931414381769597,0.2707457997806805,27.074579978068048,72.92542002193196,100.0,1.7808440982539517
92.837373884351,2.7304389573937584,0.4861705734081887,31,17,2.0898518745332364,0.20035509653990977,20.035509653990978,79.96449034600903,100.0,2.7304389573937584
75.93915625169863,1.189605216161701,0.6364617545433908,25,9,4.502171885622316,0.7007009647434352,70.07009647434353,29.92990352565647,100.0,1.189605216161701
101.82059605460307,1.8856386094360036,0.4603752799921344,19,9,1.732636155852231,0.5454269070060767,54.542690700607665,45.457309299392335,100.0,1.8856386094360036
99.00749652660677,2.695839995944917,0.42020501506634184,19,7,4.707295562602026,0.34066393171275733,34.066393171275735,65.93360682872427,100.0,2.695839995944917
85.02080860651115,2.867293461974678,0.6566917495399733,12,4,2.6291419886897316,0.6668211224218197,66.68211224218197,33.31788775781803,100.0,2.867293461974678
89.15884040974345,1.0153570294886352,0.22728087649779163,23,15,2.9425146988543314,0.7793519436561183,77.93519436561182,22.06480563438818,100.0,1.0153570294886352
65.79963570907469,2.2213482722473623,0.7458385468771549,10,4,5.407520532920051,0.5073814399535639,50.73814399535639,49.26185600464361,100.0,2.2213482722473623
66.46844020960478,1.6958676275849263,0.3582940493034115,34,14,3.6816267912852396,0.4495550479825686,44.95550479825686,55.04449520174314,100.0,1.6958676275849263
118.18199989839931,2.172212399562784,0.21311859972881678,26,12,3.47907847084592,0.7702175987082591,77.02175987082592,22.978240129174083,100.0,2.172212399562784
118.70932633007402,1.4130397471601772,0.5300340752111903,19,12,5.366244737255209,0.5234571097339984,52.34571097339984,47.65428902660016,100.0,1.4130397471601772
118.23017899981517,1.6846652537322049,0.27069437859311607,32,11,5.302953266774411,0.5926866909988979,59.26866909988979,40.73133090011021,100.0,1.6846652537322049
82.58124410343082,2.0080555775733746,0.7997935610120073,32,12,3.651907578275128,0.3294100437033268,32.941004370332685,67.05899562966732,100.0,2.0080555775733746
67.31344728448933,1.5104071625659345,0.4363111288819519,18,13,4.1339486157776,0.5658415547429051,56.58415547429051,43.41584452570949,100.0,1.5104071625659345
73.72829059162466,1.2027671445653458,0.6104260889602046,15,11,2.171796166593639,0.34201197495445756,34.201197495445754,65.79880250455425,100.0,1.2027671445653458
98.9364322571498,1.058908317579244,0.7530186397141223,33,22,3.672132116601027,0.4885116140397975,48.851161403979745,51.148838596020255,100.0,1.058908317579244
114.34977228400548,1.5707458801138883,0.6278775305006443,31,16,5.995492645379291,0.581260038278161,58.1260038278161,41.8739961721839,100.0,1.5707458801138883
78.77832862641621,2.587080359183966,0.7301727478286772,16,9,4.0183431163381815,0.2404329860002744,24.04329860002744,75.95670139997256,100.0,2.587080359183966
61.63470081983503,1.8687933056142092,0.627060551389464,12,8,5.166640860238532,0.7421393471537658,74.21393471537658,25.78606528462342,100.0,1.8687933056142092
105.64702211191727,2.4482567336414673,0.43287293868291454,17,5,3.57094531848785,0.4138742833038609,41.387428330386086,58.612571669613914,100.0,2.4482567336414673
116.09685593558874,1.454171791542816,0.719932609531515,22,11,3.743478290561121,0.3599153808650144,35.99153808650144,64.00846191349856,100.0,1.454171791542816
103.14036929724632,2.7254105149259304,0.22802465715601353,34,27,1.5880109761175363,0.35542600993958073,35.542600993958075,64.45739900604192,100.0,2.7254105149259304
118.50202557300659,1.149929974899829,0.4548898394093072,14,7,2.518432863636191,0.7268398324717409,72.68398324717408,27.316016752825917,100.0,1.149929974899829
94.48447070565484,2.2605217718549397,0.5185636859359399,27,13,2.156133003558975,0.6986079007018098,69.86079007018098,30.139209929819017,100.0,2.2605217718549397
102.30709075625208,1.0450324935645148,0.5611151659822337,18,4,4.906956128445861,0.31756314548888176,31.756314548888177,68.24368545111182,100.0,1.0450324935645148
112.4819112885285,2.8064713475024785,0.6985686746011729,16,11,5.973788124891749,0.47353911309338476,47.35391130933848,52.64608869066152,100.0,2.8064713475024785
118.34087619208992,2.0283268147939064,0.7703235955482404,24,9,5.632066778659878,0.4075452130286988,40.754521302869875,59.245478697130125,100.0,2.0283268147939064
67.8391671396848,1.1697376948904106,0.5634717970418517,14,5,3.6950653724098284,0.43484133779150225,43.48413377915023,56.51586622084977,100.0,1.1697376948904106
74.75881573199379,2.02050817288206,0.7470652393243824,19,15,3.087345962790793,0.509245160791953,50.9245160791953,49.0754839208047,100.0,2.02050817288206
101.31468549706844,2.6533580440968065,0.6247154750992776,22,9,1.8845093598447273,0.5038543664242652,50.38543664242652,49.61456335757348,100.0,2.6533580440968065
66.05394557702884,2.25908214016476,0.3861307021693432,14,9,3.6139045097783926,0.2517320362115415,25.17320362115415,74.82679637884584,100.0,2.25908214016476
61.80149477732406,1.8666114237654163,0.7080779551862557,18,14,5.308212281972599,0.7740815802141991,77.40815802141992,22.591841978580078,100.0,1.8666114237654163
110.2951192585572,1.0103400462233059,0.23926984810329788,29,16,5.478677095171388,0.5172787197473732,51.72787197473732,48.27212802526268,100.0,1.0103400462233059
61.78298849282175,1.0781506086434793,0.5192699483669543,11,6,1.893204350881107,0.7091653228664878,70.91653228664879,29.08346771335121,100.0,1.0781506086434793
113.20820038104578,2.7046136301433177,0.7417470795534342,34,12,4.91196379614285,0.4575224244793959,45.75224244793959,54.24775755206041,100.0,2.7046136301433177
74.09590708704495,2.5822576661504,0.257529400258213,13,6,5.030286630916287,0.7597290344742482,75.97290344742483,24.027096552575173,100.0,2.5822576661504
104.4010388091,2.4616631713036523,0.630036268312289,25,12,4.036197884582034,0.4401929037546656,44.01929037546656,55.98070962453344,100.0,2.4616631713036523
95.99487150989927,2.1011307009842786,0.3647987163862156,18,7,4.545217648662343,0.2833265861500456,28.332658615004558,71.66734138499544,100.0,2.1011307009842786
101.71658817835396,2.5906779442750345,0.37638462310067056,11,4,2.876354917220729,0.35387276136980067,35.38727613698007,64.61272386301994,100.0,2.5906779442750345
97.84749032615707,2.9818837781244514,0.7688925886345575,14,6,4.362353960083901,0.7775436517178431,77.75436517178431,22.245634828215685,100.0,2.9818837781244514
95.43452042688408,2.950709923059325,0.7356894852074283,26,18,3.404275721366057,0.47381755984712487,47.381755984712484,52.618244015287516,100.0,2.950709923059325
91.08080283875822,2.428358454609816,0.5996279404852219,17,11,2.4155390443267923,0.6841176656250101,68.41176656250101,31.588233437498985,100.0,2.428358454609816
63.31331611508744,1.774708416276905,0.38099255307991436,25,20,3.622256879102299,0.2968130875658528,29.681308756585278,70.31869124341472,100.0,1.774708416276905
89.44767949651401,2.065934259310943,0.54700053109347,17,4,3.9682620442895997,0.5857264772696826,58.57264772696826,41.42735227303174,100.0,2.065934259310943
109.57818764663477,2.4084939947066353,0.2979135581614197,31,21,2.529973114287049,0.39732515123512857,39.732515123512854,60.267484876487146,100.0,2.4084939947066353
60.98180560066076,2.7540145191340955,0.7791295259871749,15,4,3.151784700374045,0.5438187940512259,54.38187940512259,45.61812059487741,100.0,2.7540145191340955
100.7928161214056,1.6165302143718256,0.33651761216074416,33,15,1.8758061688762655,0.2501981614145463,25.019816141454633,74.98018385854536,100.0,1.6165302143718256
118.06615887606398,1.4784764337435194,0.7686501713061633,26,16,4.385776368757379,0.6363535292822877,63.63535292822877,36.36464707177123,100.0,1.4784764337435194
93.5941777721731,2.6493797561687202,0.5365493853201355,29,18,5.012200561082757,0.20526577821490435,20.526577821490434,79.47342217850957,100.0,2.6493797561687202
106.93917634141059,2.7992879863982623,0.5704179333612511,26,20,2.248717670658709,0.5368181567161393,53.68181567161393,46.31818432838607,100.0,2.7992879863982623
83.62636688932868,2.8341735854595553,0.6333024225697185,31,9,2.7838501136956206,0.7145439612185476,71.45439612185476,28.545603878145243,100.0,2.8341735854595553
102.9665795316408,2.700536274430392,0.2745806625059212,23,15,5.388848448442796,0.2772499173683834,27.72499173683834,72.27500826316165,100.0,2.700536274430392
78.57480900910033,1.9361999478465184,0.6204020365806202,13,9,2.624232170315246,0.30410330572920147,30.410330572920145,69.58966942707985,100.0,1.9361999478465184
69.6707327960114,1.1673599681512208,0.7517499658523179,20,8,3.448622140573258,0.4634294211075376,46.34294211075376,53.65705788924624,100.0,1.1673599681512208
106.71115483048605,2.3427487025916833,0.6169992056070888,29,22,4.492874841325841,0.7049314216150515,70.49314216150515,29.506857838494852,100.0,2.3427487025916833
61.32138395756759,2.1271238749676176,0.43457812735600543,16,7,1.6447094434404295,0.21609802146385612,21.60980214638561,78.39019785361438,100.0,2.1271238749676176
105.3664777668364,1.6136767865886137,0.20408729435704226,17,13,5.654639157680833,0.7371980570023222,73.71980570023223,26.28019429976777,100.0,1.6136767865886137
107.43234020548098,1.4485029951834347,0.33917126029435013,24,15,5.075168600171615,0.7000839562095098,70.00839562095098,29.991604379049022,100.0,1.4485029951834347
63.86850974615909,1.0534706942364698,0.46186082412483614,21,17,5.829349184319984,0.48304971221153914,48.30497122115391,51.69502877884609,100.0,1.0534706942364698
113.78661709868936,2.4805668351745656,0.30985673881750864,29,7,3.425854825265399,0.7748430278815766,77.48430278815765,22.51569721184235,100.0,2.4805668351745656
118.57474405189174,1.7097076936895397,0.6142932461801383,16,6,3.328377030843499,0.4241701826477199,42.41701826477199,57.58298173522801,100.0,1.7097076936895397
106.31967052817534,2.420529549322982,0.22012579646803687,33,23,5.126373881516216,0.24878619399129284,24.878619399129285,75.12138060087071,100.0,2.420529549322982
112.13945616136128,1.7926765253148655,0.37517572915516173,34,23,4.661888989999872,0.6047383061123618,60.47383061123618,39.52616938876382,100.0,1.7926765253148655
103.64391055881883,2.6300170729090926,0.595205230048879,20,15,2.109217040212868,0.49024583333704336,49.024583333704335,50.975416666295665,100.0,2.6300170729090926
69.00386703398834,2.8448751995374226,0.29116648077933965,12,4,3.1761411690647083,0.27395492187857395,27.395492187857396,72.6045078121426,100.0,2.8448751995374226
86.38274871999177,1.100822823502686,0.4814387867910605,30,7,5.676070160399272,0.6060512884758857,60.605128847588574,39.394871152411426,100.0,1.100822823502686
90.51781977983643,2.723703736674956,0.7551998606566519,19,14,3.955164758355637,0.6695692583525124,66.95692583525124,33.04307416474876,100.0,2.723703736674956
77.22775587610063,2.502787159955773,0.20749148222139946,19,8,2.0694174567105157,0.6021068892818551,60.210688928185505,39.789311071814495,100.0,2.502787159955773
102.84566800893083,1.932165549780406,0.5895714601131133,14,4,4.681204960078716,0.7033080521804005,70.33080521804006,29.669194781959945,100.0,1.932165549780406
110.88205408548424,2.087102183082904,0.5007384485945059,31,8,1.7518114347147735,0.35037614597125355,35.037614597125355,64.96238540287465,100.0,2.087102183082904
93.81784637237385,2.170882661548618,0.4484783259172763,28,20,5.710921955387308,0.26144837969765156,26.144837969765156,73.85516203023485,100.0,2.170882661548618
76.5915958678995,2.870709935063793,0.4674715799213576,20,9,1.6859698832743961,0.20677585050017314,20.677585050017314,79.32241494998269,100.0,2.870709935063793
99.69414772212153,1.9406369213534407,0.2171927407588729,24,10,5.699221266936946,0.6469695695199968,64.69695695199968,35.30304304800032,100.0,1.9406369213534407
112.71858171920508,1.4449609142110715,0.4217799642295018,35,27,4.164523203644073,0.5376688955588271,53.76688955588271,46.23311044411729,100.0,1.4449609142110715
79.86832916849492,1.6629899722728305,0.30811380797050925,27,9,5.940242079145098,0.5554368960420674,55.54368960420673,44.45631039579327,100.0,1.6629899722728305
112.88895940292119,1.6776766389228381,0.7488557982336339,13,5,2.901246838805585,0.5876889041591713,58.76889041591713,41.23110958408287,100.0,1.6776766389228381
67.50384404013496,1.950634027045505,0.31369980273126535,26,11,2.7218114541876055,0.4720657255424603,47.20657255424603,52.79342744575397,100.0,1.950634027045505
61.245468595744946,2.578159128528287,0.6873156338587194,22,10,3.0734245539617913,0.28563950284635375,28.563950284635375,71.43604971536462,100.0,2.578159128528287
67.09851366936905,1.183122864065365,0.5389554560760759,21,6,4.5925069930532345,0.5486341234494442,54.863412344944415,45.136587655055585,100.0,1.183122864065365
85.20808044071994,1.8476589663288843,0.5221776154174271,27,19,3.5317139482261095,0.6117259871318426,61.17259871318426,38.82740128681574,100.0,1.8476589663288843
63.38511927905253,2.9031391554670973,0.6321928114595747,26,14,5.434022683460903,0.5384787238625941,53.84787238625941,46.15212761374059,100.0,2.9031391554670973
97.45777478564658,2.5308784097095414,0.6480563685426384,20,8,4.0836444002166665,0.31595731636061397,31.595731636061398,68.4042683639386,100.0,2.5308784097095414
101.11840852756616,1.9984229922563757,0.35104326074129344,23,7,5.7274987381615885,0.4364085289492218,43.640852894922176,56.359147105077824,100.0,1.9984229922563757
79.60384328082787,1.7383437119962013,0.2818159517962736,29,7,3.7893230766566464,0.21143846050784368,21.14384605078437,78.85615394921564,100.0,1.7383437119962013
106.40518874492922,1.576995860061886,0.38459793913591667,15,11,3.6629413236013244,0.7060295918710298,70.60295918710298,29.397040812897018,100.0,1.576995860061886
110.1732420240789,1.436651884028406,0.6818841700590799,15,7,1.958324158536775,0.5197140113885546,51.971401138855455,48.028598861144545,100.0,1.436651884028406
105.52052014900136,1.4293817510268712,0.2872511625496063,11,7,3.936508470775363,0.577363457327171,57.7363457327171,42.2636542672829,100.0,1.4293817510268712
113.15844214369832,2.741207227010338,0.34538786102324637,17,9,4.260733193973844,0.3689703995228094,36.89703995228094,63.10296004771906,100.0,2.741207227010338
88.11659525070414,1.0751332930397175,0.4804665882283401,11,4,3.0524337569325795,0.7182200285454956,71.82200285454957,28.177997145450433,100.0,1.0751332930397175
85.7123118479526,2.7590269280517417,0.7228337746921316,31,18,1.8185177234659409,0.6077011950802438,60.77011950802438,39.22988049197562,100.0,2.7590269280517417
88.2891081087154,2.159084702390067,0.7089321243437066,14,4,4.112079967181881,0.5667738078140127,56.67738078140127,43.32261921859873,100.0,2.159084702390067
78.19090512281663,1.3706705080755284,0.6707433270427476,27,11,5.605000221129726,0.5415438550399313,54.15438550399313,45.84561449600687,100.0,1.3706705080755284
114.48762261431897,1.6723479599803404,0.2248427566562297,29,11,2.1445961992135745,0.6582034152145101,65.82034152145101,34.17965847854899,100.0,1.6723479599803404
88.043463319054,2.1346689436116772,0.31896204425365726,32,22,5.784216797387342,0.6806410183237347,68.06410183237347,31.935898167626533,100.0,2.1346689436116772
107.85560242914495,1.3738266636785437,0.5338893375527975,20,8,1.830868640256085,0.6331548920747689,63.315489207476894,36.684510792523106,100.0,1.3738266636785437
70.50891762795699,2.51707311277196,0.48687633412412035,28,6,4.610032399594471,0.2260442908395574,22.60442908395574,77.39557091604426,100.0,2.51707311277196
97.57455024819465,2.8361540209561342,0.5591005333957697,22,7,3.0052104749814,0.4054570846777097,40.54570846777097,59.45429153222903,100.0,2.8361540209561342
107.19180970563596,1.8389430016387853,0.7401902080493696,12,4,4.312774673298993,0.44709381077064203,44.7093810770642,55.2906189229358,100.0,1.8389430016387853
73.90277236403034,2.9684907451434914,0.6810844877480764,11,4,2.452574716734331,0.3331129034965956,33.31129034965956,66.68870965034044,100.0,2.9684907451434914
64.46929195074534,2.814132943099379,0.5072578496768102,22,6,5.000942806354006,0.7573433156675313,75.73433156675313,24.265668433246873,100.0,2.814132943099379
103.95094996916046,2.073482059751474,0.5325797526614977,22,16,3.5429045410978186,0.7557812644950777,75.57812644950776,24.421873550492236,100.0,2.073482059751474
90.29118153168014,1.3613505406143216,0.36263366523429785,25,6,4.793128339479237,0.32000000258725114,32.000000258725116,67.99999974127488,100.0,1.3613505406143216
102.45320675312931,2.154989426824238,0.6593756728675628,22,14,2.052639730154967,0.2957439693921004,29.57439693921004,70.42560306078997,100.0,2.154989426824238
91.0042052424232,2.6839709504571867,0.3203555014228303,17,5,2.0217618804861743,0.4421943842404877,44.21943842404877,55.78056157595123,100.0,2.6839709504571867
115.43065848938531,1.457233399275641,0.5158910442256538,16,9,4.067374873478536,0.4875845728639497,48.75845728639497,51.24154271360503,100.0,1.457233399275641
96.31414185257513,2.850409307645622,0.7074662236656384,34,21,2.161819106127943,0.2139221756863158,21.39221756863158,78.60778243136842,100.0,2.850409307645622
102.78526118447064,1.5415166894411358,0.6402223635083435,14,7,4.233943102072656,0.22424645051666056,22.424645051666054,77.57535494833394,100.0,1.5415166894411358
109.28489800010875,1.2452615130983185,0.7813858850976942,35,23,2.0414901882207714,0.615686581425446,61.5686581425446,38.4313418574554,100.0,1.2452615130983185
111.82792603153783,1.3478355562420685,0.49668097439306325,15,7,1.769950870155578,0.7324183598807443,73.24183598807443,26.758164011925572,100.0,1.3478355562420685
99.27833622002939,2.3241042866924726,0.6756172873043138,35,11,3.2380332838144588,0.5346105408091271,53.4610540809127,46.5389459190873,100.0,2.3241042866924726
114.95946250282088,2.7671060086218158,0.6157724327914869,33,20,5.1895310474723395,0.41749740631729404,41.7497406317294,58.2502593682706,100.0,2.7671060086218158
86.57583688169714,1.5122585627738592,0.36591377884148046,28,16,5.8547560797407865,0.26045204342526335,26.045204342526336,73.95479565747367,100.0,1.5122585627738592
71.83243485405006,1.0680244374127525,0.2350042226145131,23,16,2.2269270225908215,0.5583809532690194,55.838095326901936,44.161904673098064,100.0,1.0680244374127525
101.59027260454559,1.7059447904803362,0.3676890559670591,31,9,2.6543934469473838,0.5707062547246036,57.07062547246036,42.92937452753964,100.0,1.7059447904803362
108.61822690355206,1.5234459109009806,0.5731801164241563,31,13,2.3323928817673734,0.24726912904612025,24.726912904612025,75.27308709538798,100.0,1.5234459109009806
112.02962393151347,2.452105844601536,0.37818716777854766,27,9,1.6943290135232039,0.2935608364915118,29.35608364915118,70.64391635084883,100.0,2.452105844601536
119.79970752444538,1.6568475321698284,0.3533592808296619,23,17,3.4107513579770288,0.6733020330346338,67.33020330346338,32.66979669653662,100.0,1.6568475321698284
88.74762563658288,2.924227308732387,0.798542319525795,21,16,5.81683047643121,0.3364181094061689,33.64181094061689,66.35818905938311,100.0,2.924227308732387
99.17671182564577,2.208697133022076,0.787701379665602,12,8,5.548659451456687,0.5354886989922321,53.548869899223206,46.451130100776794,100.0,2.208697133022076
101.20202512375513,2.426553352818945,0.5778527198310665,33,14,2.218676458961859,0.5303032008222837,53.030320082228364,46.969679917771636,100.0,2.426553352818945
67.96641826176634,1.9231599645544017,0.535177521643491,13,5,5.965421827727639,0.5519745362818007,55.19745362818007,44.80254637181993,100.0,1.9231599645544017
64.06037099283992,2.191664059725465,0.6011804481841356,23,7,1.8089478616574002,0.623966383662383,62.3966383662383,37.6033616337617,100.0,2.191664059725465
62.02095821217978,1.8591800346978449,0.2729054500341529,15,9,4.271631585648069,0.26361106224769837,26.361106224769838,73.63889377523016,100.0,1.8591800346978449
98.32913611989092,2.7911013665146833,0.6932713988952987,24,16,5.419813049678426,0.4012068251483635,40.120682514836346,59.879317485163654,100.0,2.7911013665146833
60.63092347418088,1.8788445614647526,0.5924005409507778,12,6,4.746307019966038,0.7444026518768039,74.44026518768038,25.55973481231962,100.0,1.8788445614647526
84.25882377167456,2.4980834463550887,0.4313591580921047,15,4,3.1969507159317976,0.6955794322245654,69.55794322245654,30.442056777543456,100.0,2.4980834463550887
108.34316323503147,1.0629955306312147,0.4417786144607548,14,7,3.7675782275799685,0.5333429820045881,53.334298200458804,46.665701799541196,100.0,1.0629955306312147
68.35871861543943,1.3002563647212777,0.4613271814696025,22,5,4.3365708548483,0.648223924790641,64.82239247906409,35.17760752093591,100.0,1.3002563647212777
80.05512070979589,1.728423558641895,0.4115041579523459,13,4,1.6617039119011487,0.7354286541260053,73.54286541260053,26.457134587399466,100.0,1.728423558641895
61.1821311563221,2.205754381648378,0.45043070572283855,26,12,2.467369449787272,0.5180544798929311,51.80544798929311,48.19455201070689,100.0,2.205754381648378
92.31639967557979,1.5875404279455512,0.2541758932078787,14,9,5.581179341820832,0.34679729447036967,34.67972944703697,65.32027055296302,100.0,1.5875404279455512
119.46515030854742,1.1934201199207175,0.41420757100632516,30,24,5.510696748614892,0.30880170382493116,30.880170382493116,69.11982961750688,100.0,1.1934201199207175
90.9024606843273,2.195222476298169,0.3818540661238571,31,15,2.879666277704927,0.5431861938235558,54.31861938235558,45.68138061764442,100.0,2.195222476298169
61.44685279886074,1.596705184187178,0.2763299545960157,17,10,2.3112165863534573,0.5694132683937876,56.94132683937876,43.05867316062124,100.0,1.596705184187178
79.45061024543523,2.830534968633698,0.3634740274218189,20,9,5.489431810114841,0.6526240092284694,65.26240092284694,34.737599077153064,100.0,2.830534968633698
97.23516726493034,1.176849390380902,0.4651172907727139,22,9,1.7706945534968113,0.27579288176149913,27.579288176149912,72.42071182385008,100.0,1.176849390380902
71.16354356441109,2.1087521331013104,0.43279197306737405,28,12,5.227431204165299,0.35720935574253376,35.720935574253375,64.27906442574663,100.0,2.1087521331013104
82.39963824939143,2.9188836455169787,0.40887705101425253,21,16,5.038953285362331,0.7494871880250935,74.94871880250935,25.051281197490653,100.0,2.9188836455169787
65.2065703547559,2.7485799595262987,0.42968323307748907,27,10,4.856462122260773,0.4648720543400525,46.487205434005254,53.512794565994746,100.0,2.7485799595262987
69.22654544337975,2.89962302523952,0.7570073753604454,23,11,2.364820823181659,0.34890688002847026,34.89068800284703,65.10931199715297,100.0,2.89962302523952
95.39402860774793,2.3918716349569458,0.6680508884363385,25,14,2.3090588527440308,0.3593870351080337,35.93870351080337,64.06129648919662,100.0,2.3918716349569458
84.19610568323932,2.884482269312052,0.6964782474095226,26,18,2.7017513947010166,0.42067058342778557,42.06705834277856,57.93294165722144,100.0,2.884482269312052
66.57596229528545,2.7111069796981204,0.2648550732716238,14,4,5.351289139644653,0.6454180916272441,64.5418091627244,35.458190837275595,100.0,2.7111069796981204
82.13790584582345,2.016749958967133,0.4767919950886847,19,5,3.0390593090127416,0.4255508058710318,42.55508058710318,57.44491941289682,100.0,2.016749958967133
93.61970006101097,1.8358331242181474,0.5099232741359547,20,7,4.657346435465193,0.6415725828606942,64.15725828606942,35.84274171393058,100.0,1.8358331242181474
117.5936486741358,1.7518594536158039,0.3926710506735116,30,20,3.455391910644482,0.6640028218997762,66.40028218997762,33.59971781002238,100.0,1.7518594536158039
91.86206320086613,1.1871809195864396,0.5058407865019153,12,5,5.868353236097259,0.637059824051168,63.7059824051168,36.2940175948832,100.0,1.1871809195864396
87.04510412437743,2.661888793535409,0.5750044504109262,29,9,3.235586030367145,0.4499795513120638,44.99795513120638,55.00204486879362,100.0,2.661888793535409
68.22025076251825,1.655445968649976,0.24681685350953497,11,7,3.355954154207467,0.4231530878453647,42.31530878453647,57.68469121546353,100.0,1.655445968649976
79.35915712280061,1.2507355328283376,0.6097316639064512,19,5,4.887020594736667,0.5549084959048496,55.490849590484956,44.509150409515044,100.0,1.2507355328283376
72.79168639064355,1.910351586427554,0.5030738341487329,25,15,5.587254454771305,0.5209839498519561,52.098394985195604,47.901605014804396,100.0,1.910351586427554
70.00270930749664,2.442253323197158,0.6060562810450154,13,7,3.557612196552395,0.582655197567987,58.2655197567987,41.7344802432013,100.0,2.442253323197158
119.90482935280167,1.9676921396208478,0.30156558598892635,24,7,4.074680802784398,0.24154870371668075,24.154870371668075,75.84512962833193,100.0,1.9676921396208478
82.51981982187596,2.1044047121160663,0.5169196833163251,28,7,5.771494096682561,0.5759960600997005,57.59960600997005,42.40039399002995,100.0,2.1044047121160663
68.9936868786113,2.935580609072865,0.30430088254992077,24,8,3.3886573882939004,0.6197631200229599,61.976312002295984,38.023687997704016,100.0,2.935580609072865
93.4072924861488,2.5488166139453465,0.3825894179752087,34,16,1.9961919829319805,0.47705275890510557,47.705275890510556,52.294724109489444,100.0,2.5488166139453465
96.79549227402202,1.2323476216153468,0.3943003227545554,13,9,4.518960848746859,0.7998434896478324,79.98434896478324,20.015651035216763,100.0,1.2323476216153468
115.68283853861895,2.540093680314999,0.2401696871196056,32,11,4.411964322095139,0.22716072561750802,22.716072561750803,77.2839274382492,100.0,2.540093680314999
70.81119509337739,1.9941685201793518,0.33709629935885677,16,7,1.5507195875011313,0.7505148281103677,75.05148281103678,24.948517188963223,100.0,1.9941685201793518
80.34631167528111,2.5224780287830795,0.3712637322474217,23,8,2.761480926080879,0.49136813291910014,49.136813291910016,50.863186708089984,100.0,2.5224780287830795
107.70620769608497,2.118111529874505,0.4987135356783987,26,8,3.3046190824516186,0.5987995914779376,59.87995914779376,40.12004085220624,100.0,2.118111529874505
85.90657527171697,2.24408271455267,0.5124487324453548,26,11,2.2875907044414614,0.6451334333305514,64.51334333305513,35.48665666694487,100.0,2.24408271455267
110.09880684367167,2.0123797646426995,0.7259917578295367,23,16,5.090031631199535,0.6130788134971055,61.30788134971055,38.69211865028945,100.0,2.0123797646426995
106.5927266114032,1.8175476109463298,0.6383992718010956,20,16,2.598719594732955,0.7255083610493687,72.55083610493686,27.449163895063137,100.0,1.8175476109463298
76.80954056249107,2.24187475883648,0.23350423535760173,18,8,4.195507863711699,0.2692227057455845,26.92227057455845,73.07772942544155,100.0,2.24187475883648
60.01332262959632,1.4678558908883406,0.34141368955564616,12,8,3.923729636956866,0.23747481475728904,23.747481475728904,76.2525185242711,100.0,1.4678558908883406
76.14931111813753,1.743216815318304,0.7156547732022174,24,13,2.36370720255581,0.45970541616034083,45.97054161603408,54.02945838396592,100.0,1.743216815318304
104.52724497794937,1.8622460140541077,0.7940812244508422,24,5,2.5093882343127256,0.3849169153908244,38.49169153908244,61.50830846091756,100.0,1.8622460140541077
111.48439897826671,1.3105745971802416,0.7774723587452428,18,4,3.648793337948159,0.5939613226732852,59.39613226732852,40.60386773267148,100.0,1.3105745971802416
76.45007524520369,1.8296975685964578,0.5017712122603732,17,9,3.8950043637220757,0.3257057806722967,32.570578067229675,67.42942193277032,100.0,1.8296975685964578
76.03631592717588,1.624010315911819,0.7830508994393555,24,13,5.598494367383141,0.7398255860801042,73.98255860801042,26.01744139198958,100.0,1.624010315911819
93.18357302951671,1.682516007347068,0.5486426157993258,34,16,5.8278725582899815,0.2225818739084,22.25818739084,77.74181260916001,100.0,1.682516007347068
74.85571747477543,1.0051148066946505,0.3309515875864889,11,7,3.351536551493878,0.23202029898571222,23.202029898571222,76.79797010142877,100.0,1.0051148066946505
65.01943947286807,1.6052058657792545,0.7132168347194725,18,12,5.528659531754524,0.6397598196211635,63.97598196211634,36.02401803788366,100.0,1.6052058657792545
92.17936425380566,2.1799074553379025,0.482525771706543,11,7,5.779712124279941,0.7185056863300898,71.85056863300898,28.149431366991024,100.0,2.1799074553379025
114.20331401196793,1.9633802141566497,0.39147945367420917,18,5,5.107236406564999,0.4781051960637554,47.81051960637554,52.18948039362446,100.0,1.9633802141566497
65.64605490077855,1.787882933693974,0.4388019051694734,14,9,3.9769843106086786,0.27996630482095936,27.996630482095934,72.00336951790406,100.0,1.787882933693974
74.2767707582631,1.1752331991648284,0.27362692042185754,19,14,2.20113548369147,0.6795091650194471,67.95091650194472,32.04908349805528,100.0,1.1752331991648284
85.47160722708378,2.3813388392266615,0.27947552692831334,33,16,3.4424570822287945,0.2228377274527412,22.28377274527412,77.71622725472588,100.0,2.3813388392266615
68.44373108183537,2.3227244118694634,0.6071233307675148,23,5,3.100638005178208,0.7152283827505983,71.52283827505983,28.477161724940174,100.0,2.3227244118694634
84.04658513708907,1.763199716739691,0.6489549427944474,30,22,1.627379664024987,0.3904583449805512,39.04583449805512,60.95416550194488,100.0,1.763199716739691
96.47352594981865,1.8753108313149085,0.6703294253238005,23,12,5.956056359504217,0.43529094595253537,43.52909459525354,56.47090540474646,100.0,1.8753108313149085
72.84552662032483,1.3837639669470367,0.5871549638890741,30,6,4.585412328786463,0.6936945877937253,69.36945877937252,30.630541220627478,100.0,1.3837639669470367
116.72452185970671,1.488110685994317,0.526367703072231,33,15,4.730986107474217,0.7651993354675137,76.51993354675137,23.480066453248625,100.0,1.488110685994317
89.97079781176845,1.651847232153419,0.3247389363926007,26,8,1.6418077846789765,0.7666900036972031,76.66900036972031,23.330999630279692,100.0,1.651847232153419
104.18720411400611,1.1281927604347204,0.32658108183468837,21,5,1.7851044828300735,0.6882002923404452,68.82002923404453,31.179970765955474,100.0,1.1281927604347204
105.19379670332074,1.291162462923046,0.5964279111861198,23,9,2.113366665983829,0.47968670762640364,47.968670762640365,52.031329237359635,100.0,1.291162462923046
64.56505551093237,2.668247520360577,0.6231873518271811,33,17,2.1809270272058514,0.351963045852303,35.1963045852303,64.80369541476969,100.0,2.668247520360577
100.40998604971065,2.317444157590542,0.49070578905798234,25,11,3.943202233422231,0.4607727137242855,46.077271372428555,53.922728627571445,100.0,2.317444157590542
68.55245953866441,2.387305198411398,0.6539936765169587,27,9,1.5625851884032078,0.603513928625425,60.3513928625425,39.6486071374575,100.0,2.387305198411398
66.34592806438074,2.09791176171576,0.6121137196683019,17,8,1.6123069881164604,0.45105773484146944,45.105773484146944,54.894226515853056,100.0,2.09791176171576
100.06397538421135,2.9443701620934872,0.5544748458009432,13,4,4.120276295081455,0.7982879517417372,79.82879517417372,20.17120482582628,100.0,2.9443701620934872
105.78430268737358,1.9857958721492155,0.4923461718124912,21,14,3.4959350579114314,0.4310840778142959,43.10840778142959,56.89159221857041,100.0,1.9857958721492155
90.17034021604832,2.9636860503070817,0.25172111102030853,28,18,5.317746599325376,0.7899111038403308,78.99111038403308,21.008889615966922,100.0,2.9636860503070817
89.32977941797206,1.5823159859266562,0.6577727141056435,12,5,3.4643406096585774,0.6019174074823173,60.19174074823172,39.80825925176828,100.0,1.5823159859266562
87.71136696524954,1.0813898663303103,0.37896924326959774,33,26,5.255571439279367,0.25787583850124746,25.787583850124747,74.21241614987525,100.0,1.0813898663303103
81.42328583566966,2.047458489144332,0.49521581257472835,28,19,2.6900316560180006,0.4452275692102945,44.52275692102945,55.47724307897055,100.0,2.047458489144332
65.46780320905022,2.0321539459496014,0.2060986429622084,21,8,4.2913951440279225,0.3380104189963723,33.80104189963723,66.19895810036277,100.0,2.0321539459496014
80.27026783212199,1.8097399069701525,0.7119586184273146,19,11,4.2507851367691645,0.48468866603050426,48.46886660305042,51.53113339694958,100.0,1.8097399069701525
95.07123037480349,1.3979182566739492,0.6194376992350983,28,19,4.021872268847922,0.550663556302377,55.066355630237695,44.933644369762305,100.0,1.3979182566739492
71.57609395047257,1.7784319927648522,0.7952572744678224,24,10,5.924318881860588,0.46713778334739925,46.71377833473993,53.28622166526007,100.0,1.7784319927648522
119.05222886623186,2.0431962805057733,0.7254126545840627,15,7,3.2201277274373883,0.4156818439358392,41.56818439358392,58.43181560641608,100.0,2.0431962805057733
88.33928873921651,1.2274703973879293,0.4191827807592252,32,12,2.0632659630318058,0.3245477560632989,32.45477560632989,67.54522439367011,100.0,1.2274703973879293
80.96895019562555,2.2152362088592525,0.6772106605827493,32,21,3.34344141204698,0.29071498538523,29.071498538523,70.928501461477,100.0,2.2152362088592525
67.7728442651326,1.3907837838518835,0.6217047162010606,30,22,4.968399114480649,0.4434980721530106,44.34980721530106,55.65019278469894,100.0,1.3907837838518835
81.77643817969997,2.3759381736806535,0.3489262277677104,31,8,1.5303728600179949,0.4049926659304849,40.49926659304849,59.50073340695151,100.0,2.3759381736806535
111.95643150727945,1.769663394602549,0.22292474416318125,34,13,3.8258930319304203,0.3705534433112295,37.05534433112295,62.94465566887705,100.0,1.769663394602549
85.38133017800796,2.881446367612302,0.26044243200015754,13,9,2.75859122818747,0.5786697029048216,57.86697029048216,42.13302970951784,100.0,2.881446367612302
77.30998385601964,2.6391230109841164,0.3513116734531023,14,6,4.346530052052741,0.4843288717747132,48.432887177471315,51.567112822528685,100.0,2.6391230109841164
75.48264391724751,1.9159917991103033,0.7339968398501295,13,9,5.916295808858546,0.7688059000480838,76.88059000480838,23.119409995191617,100.0,1.9159917991103033
63.04190442180604,2.06315198228623,0.6457837775440862,29,12,2.192978731222013,0.7732852398244783,77.32852398244783,22.671476017552166,100.0,2.06315198228623
77.89563270976952,2.633365721969378,0.7282843630794753,30,18,2.281380641267638,0.28866414422522285,28.866414422522286,71.13358557747772,100.0,2.633365721969378
92.48046315229372,1.2870108514040448,0.5756039083260487,34,18,5.026195347546514,0.6617183319258779,66.1718331925878,33.8281668074122,100.0,1.2870108514040448
77.07811390894055,2.6436262100896664,0.5506829607738706,22,13,3.3938996810054416,0.7762014862112454,77.62014862112454,22.379851378875458,100.0,2.6436262100896664
103.72578616474182,2.5357001184215555,0.30525030974823797,31,13,5.517578534584045,0.47536691503769823,47.53669150376982,52.46330849623018,100.0,2.5357001184215555
100.59434224348297,2.024470108780947,0.39986309670697207,32,24,2.9340710862245176,0.42648517217003,42.648517217003004,57.351482782996996,100.0,2.024470108780947
114.04853954619186,2.619332465156159,0.29187453277534814,28,6,5.455931746703013,0.5025658961548192,50.256589615481914,49.743410384518086,100.0,2.619332465156159
97.69082630385023,1.7918871067650852,0.6891524123990614,26,9,5.294715196114682,0.5499765077252421,54.99765077252421,45.00234922747579,100.0,1.7918871067650852
98.00420375337777,2.328375357033517,0.21677860670706922,13,7,3.6023015240167373,0.3786335437897942,37.863354378979416,62.136645621020584,100.0,2.328375357033517
75.04336905915623,2.416486597065045,0.39005054237996956,12,6,3.565870145367802,0.20272230836195484,20.272230836195483,79.72776916380451,100.0,2.416486597065045
100.46814126820186,2.196317152569397,0.20136883195803307,30,7,3.320202097596347,0.5116384814258366,51.16384814258366,48.83615185741634,100.0,2.196317152569397
113.48275144848924,2.928223609657414,0.7173575971159867,27,11,3.5853059520137114,0.3628359983887399,36.28359983887399,63.71640016112601,100.0,2.928223609657414
62.40522014979132,2.2655212912374463,0.7192474154034265,24,16,4.841652379391936,0.26536114573331615,26.536114573331616,73.46388542666838,100.0,2.2655212912374463
94.99092706345553,1.4074954277373146,0.7443951832826241,29,10,4.881681819226508,0.6497016044962645,64.97016044962645,35.02983955037355,100.0,1.4074954277373146
60.77517182782197,1.6463297219820379,0.23801612352162113,33,25,5.193673503573168,0.4219479288501384,42.19479288501384,57.80520711498616,100.0,1.6463297219820379
64.77233877114742,2.41468213767181,0.4522634812848185,29,7,2.29474369634949,0.5870158460405798,58.70158460405798,41.29841539594202,100.0,2.41468213767181
94.3045858198104,2.5375287524333907,0.3353591722738847,24,7,5.137413784396578,0.4377331842361679,43.77331842361679,56.22668157638321,100.0,2.5375287524333907
87.79536709795939,2.2285090488571053,0.7057558844205254,18,6,5.646879913506578,0.5131406214664731,51.31406214664731,48.68593785335269,100.0,2.2285090488571053
87.45381686327877,2.3579238707354833,0.6087083106184231,30,15,3.7769159462982342,0.28893245096729464,28.893245096729466,71.10675490327054,100.0,2.3579238707354833
90.7546421363014,2.780845007930271,0.2594488022880728,33,23,2.2369392176295912,0.6715998145371207,67.15998145371206,32.840018546287936,100.0,2.780845007930271
89.77463819118128,1.4680476430134584,0.34181328233496033,23,6,2.57371278128487,0.36686466453327715,36.68646645332772,63.31353354667228,100.0,1.4680476430134584
117.22906096949794,1.8934919176633023,0.3726795641281365,23,5,4.187211670016737,0.23424693321747414,23.424693321747412,76.57530667825259,100.0,1.8934919176633023
117.04641491209688,1.1967413155676931,0.7842368628435419,11,4,1.53868635621634,0.4539693304861709,45.396933048617086,54.603066951382914,100.0,1.1967413155676931
70.6407854012134,2.5268712936227757,0.7796205008295194,26,10,5.003852009867358,0.3340473024120707,33.40473024120707,66.59526975879294,100.0,2.5268712936227757
81.90754939094168,1.5511259158333126,0.4737353874048384,28,7,3.780766060966017,0.5156692321361389,51.56692321361389,48.43307678638611,100.0,1.5511259158333126
86.1973497810925,2.344653378167725,0.29553593207133033,21,7,2.6365919736229797,0.7544549985986388,75.44549985986389,24.554500140136113,100.0,2.344653378167725
116.8880484208241,2.8614749716959818,0.36144708483611665,21,14,2.588336849958371,0.7105745149053226,71.05745149053226,28.94254850946774,100.0,2.8614749716959818
77.60517827259766,2.8253845562655027,0.5991735171263857,25,5,3.1711578643703158,0.38695072672934744,38.69507267293474,61.30492732706526,100.0,2.8253845562655027
109.4370135706463,2.137354224920564,0.6777705885631784,13,7,3.1588703769117594,0.7348146621459428,73.48146621459428,26.518533785405722,100.0,2.137354224920564
101.97050253055751,1.5575044616329914,0.6418190679564983,33,9,5.430315693661148,0.6649660509387408,66.49660509387408,33.50339490612592,100.0,1.5575044616329914
74.47548049681315,2.491104801021798,0.7163880146513097,25,19,3.6327287076123147,0.4125434910343203,41.254349103432034,58.745650896567966,100.0,2.491104801021798
78.86933974935693,1.5660144987310276,0.6601126922676839,10,6,3.3171758937643903,0.7863268518378657,78.63268518378656,21.367314816213437,100.0,1.5660144987310276
74.28700842286126,1.9061941094053352,0.7021817450866419,17,5,5.496372934540705,0.7811001193712053,78.11001193712053,21.889988062879468,100.0,1.9061941094053352
107.89001088644942,2.1448310862998614,0.4590190237163611,34,10,5.37499748127191,0.23907439188145413,23.907439188145414,76.09256081185458,100.0,2.1448310862998614
75.15932888790914,2.8007121779000546,0.5313196742553474,19,6,2.832909781212024,0.7208573391044832,72.08573391044833,27.914266089551674,100.0,2.8007121779000546
65.12281694726762,2.2508002447181426,0.24676948442071678,26,19,1.9274482100890298,0.39598599736742335,39.59859973674234,60.40140026325766,100.0,2.2508002447181426
110.47853854767729,2.43684927570016,0.5373671107905704,35,13,4.161975620541548,0.6351023739194666,63.51023739194665,36.48976260805335,100.0,2.43684927570016
109.73136609902426,1.384303284468721,0.7029036828513586,12,4,4.829525512717904,0.4707864306728194,47.07864306728194,52.92135693271806,100.0,1.384303284468721
98.46124082082274,2.8433373828705975,0.40105985662224897,31,24,2.567381592815817,0.674964298997333,67.4964298997333,32.5035701002667,100.0,2.8433373828705975
67.65671142192829,2.7460274054361733,0.5848268803865555,25,11,2.9803076879432875,0.5972339989429746,59.72339989429746,40.27660010570254,100.0,2.7460274054361733
66.97960180925534,2.7773779525490445,0.5677848331038244,14,9,2.7095823010815723,0.3218541891399404,32.18541891399404,67.81458108600596,100.0,2.7773779525490445
71.43336196724339,2.050687099902654,0.2421500214564934,25,10,2.8890970763962143,0.21017321266701766,21.017321266701767,78.98267873329823,100.0,2.050687099902654
93.31706745544443,2.911911247674031,0.5656347748535714,20,16,2.2658366447652627,0.58400077410674,58.400077410674,41.599922589326,100.0,2.911911247674031
60.88078087464288,1.3216250766416258,0.2663848895016547,34,15,5.214320497450206,0.3766262820847307,37.66262820847307,62.33737179152693,100.0,1.3216250766416258
107.15561985556434,1.501312683748211,0.30216071569187125,27,17,4.864241497923464,0.7586746480351323,75.86746480351323,24.13253519648677,100.0,1.501312683748211
75.83071876625505,1.1268961078694768,0.2508379127144049,21,15,4.575163186358233,0.5640138462883637,56.40138462883637,43.59861537116363,100.0,1.1268961078694768
109.13590190849547,2.997953124783532,0.2481576010135122,14,5,3.113892339669887,0.48132868975159765,48.13286897515977,51.86713102484023,100.0,2.997953124783532
87.93520644473642,2.3076490633789617,0.6924561981169768,15,6,5.571834646566028,0.6291259325702202,62.91259325702202,37.08740674297798,100.0,2.3076490633789617
117.46219835009714,1.918871590684268,0.3217117544257524,20,15,4.3762883458301225,0.6232055813926891,62.32055813926891,37.67944186073109,100.0,1.918871590684268
79.7539652994778,2.696073429145954,0.24185642984516875,22,15,2.0047664605083337,0.44829829986010983,44.829829986010985,55.170170013989015,100.0,2.696073429145954
101.41225273066246,2.5087652658679307,0.2576813780028962,16,4,3.8132992130328844,0.7379313613326814,73.79313613326815,26.20686386673185,100.0,2.5087652658679307
115.44502543539237,1.1423487097574334,0.5141117384955853,12,8,5.443067222993921,0.7118458598760311,71.18458598760311,28.815414012396886,100.0,1.1423487097574334
84.47063000900438,2.365005799828952,0.4628752266208756,15,8,2.5441344408485373,0.22793991010846096,22.793991010846096,77.2060089891539,100.0,2.365005799828952
112.57085339603796,1.957444384603281,0.49487431923838326,29,18,1.8053173705317271,0.2301993218750797,23.01993218750797,76.98006781249202,100.0,1.957444384603281
79.9333723839997,1.6362288801882097,0.41830276877554856,34,20,2.259050440363683,0.5101710854643617,51.01710854643618,48.98289145356382,100.0,1.6362288801882097
62.19253234933745,2.37983684581649,0.2947131567118252,16,5,4.928073975689728,0.3893629902447655,38.936299024476554,61.063700975523446,100.0,2.37983684581649
113.31380813118658,1.98119258425872,0.759286098273203,23,14,4.045863885713821,0.6589124324712876,65.89124324712876,34.108756752871244,100.0,1.98119258425872
117.26343387407519,1.4266387019742908,0.4019285131149814,22,4,5.742855297046645,0.7677730234418298,76.77730234418298,23.222697655817015,100.0,1.4266387019742908
82.00635371942758,1.2305010234816431,0.7935656933552637,24,14,5.987628521735485,0.7432670029778929,74.3267002977893,25.6732997022107,100.0,1.2305010234816431
78.36743544678612,2.355773937625073,0.30762959632464537,33,18,4.991956160321735,0.6140405838038365,61.40405838038365,38.59594161961635,100.0,2.355773937625073
62.727729292849915,1.6299126786413802,0.7970235442010476,22,13,1.788722293557056,0.42758133063571213,42.758133063571215,57.241866936428785,100.0,1.6299126786413802
104.32616373217161,2.9756656635394436,0.5908194273707698,12,4,4.418189510298828,0.4191746810235789,41.917468102357894,58.082531897642106,100.0,2.9756656635394436
115.94138354194781,1.3534295205014548,0.7882924809111131,24,14,4.152053039618351,0.24661716712410325,24.661716712410325,75.33828328758968,100.0,1.3534295205014548
107.37291357163465,1.0008095660416625,0.277336494940242,11,7,4.8071068829561465,0.2986079449318314,29.86079449318314,70.13920550681686,100.0,1.0008095660416625
93.08229641774034,1.8881188033547662,0.2695830365844289,23,15,2.1367221187202485,0.6856888108956005,68.56888108956005,31.43111891043995,100.0,1.8881188033547662
104.97498462305585,1.35665215552683,0.6529600951938462,21,4,2.4191698524941465,0.3645267264082303,36.45267264082303,63.54732735917697,100.0,1.35665215552683
60.335868988531836,2.238701203200262,0.2646221274168201,27,18,3.8111962036707383,0.2722567679986171,27.22567679986171,72.7743232001383,100.0,2.238701203200262
83.5066972355431,2.7184211414630344,0.6852024788051293,14,6,5.46727559555133,0.4093891172634086,40.93891172634086,59.06108827365914,100.0,2.7184211414630344
73.01463485127658,2.4069039579048264,0.42715508713843325,35,21,2.799209965130188,0.6168669302999084,61.686693029990835,38.313306970009165,100.0,2.4069039579048264
62.62795444308424,1.217810355479437,0.551708822743785,21,15,4.630377660344799,0.7825499183883247,78.25499183883247,21.745008161167533,100.0,1.217810355479437
113.56504045898834,1.5355774364540986,0.7762536997866796,29,17,2.728005570827169,0.374562478814885,37.4562478814885,62.5437521185115,100.0,1.5355774364540986
70.69931981350643,2.9576573047719927,0.4750745969626947,15,10,1.859288275167432,0.25633778942662305,25.633778942662307,74.3662210573377,100.0,2.9576573047719927
89.6094823854973,2.4663801847342137,0.35447428129394587,31,14,4.2390527421482105,0.5470210938613,54.702109386130005,45.297890613869995,100.0,2.4663801847342137
68.69350597858455,2.6798827602026583,0.6830914345927594,11,5,3.698628868730106,0.5803021125463349,58.03021125463349,41.96978874536651,100.0,2.6798827602026583
65.61872848251079,2.9364600906854035,0.785127933082264,25,19,2.772523532317271,0.5922712873955068,59.227128739550686,40.772871260449314,100.0,2.9364600906854035
88.937746158909,2.398329042733961,0.6034553336652171,25,10,3.1891180786912345,0.7906969364318059,79.0696936431806,20.9303063568194,100.0,2.398329042733961
64.302107527374,1.4206772518731676,0.2858465824045776,27,7,1.677707922695261,0.4923130087436311,49.23130087436311,50.76869912563689,100.0,1.4206772518731676
74.53276732624147,1.6211596867206173,0.4029251622993558,11,7,4.535088629103747,0.78424413903098,78.424413903098,21.575586096902,100.0,1.6211596867206173
76.76052165328552,1.9901117872807668,0.7927349149827128,23,8,2.2427659272976026,0.702598088074831,70.2598088074831,29.740191192516903,100.0,1.9901117872807668
91.58668293801034,1.3191165537113347,0.5271691524301434,34,12,2.3414877572423207,0.6931186046538337,69.31186046538336,30.68813953461664,100.0,1.3191165537113347
62.09098087610504,2.0822636586615535,0.6668416257118779,17,9,5.661409248910448,0.5615287020861985,56.15287020861985,43.84712979138015,100.0,2.0822636586615535
108.90541724360055,2.5999641062666,0.49039324762433983,28,14,3.266309117069397,0.6909234322491666,69.09234322491666,30.90765677508334,100.0,2.5999641062666
90.4180593883435,1.108355738466209,0.7904221343479347,21,5,3.079714388844555,0.5680324511624317,56.803245116243176,43.196754883756824,100.0,1.108355738466209
62.3988719895634,1.7265589500125347,0.4435063071960569,30,17,4.0058865156532875,0.4626026862736188,46.26026862736188,53.73973137263812,100.0,1.7265589500125347
68.08844266139332,2.7847764886374096,0.21468771940095854,32,18,4.318205321500654,0.20191001085179278,20.191001085179277,79.80899891482072,100.0,2.7847764886374096
72.70408286054716,1.6031784817446075,0.5920369700645949,21,7,4.765890188007172,0.22065548647614897,22.065548647614897,77.93445135238511,100.0,1.6031784817446075
92.09372078103388,1.6335684077084183,0.6659685593365838,10,6,4.794461989348163,0.49504279082728253,49.50427908272825,50.49572091727175,100.0,1.6335684077084183
78.9980180710016,1.9022023120664677,0.5645581639313558,21,10,4.601530375043487,0.7222486533022003,72.22486533022004,27.77513466977996,100.0,1.9022023120664677
86.06466826853409,2.4038399915981326,0.4775283099692065,12,4,4.46889606177073,0.7334030581078912,73.34030581078912,26.65969418921088,100.0,2.4038399915981326
79.1168040093663,1.7222971878947346,0.4260561110862686,15,4,2.408488352203989,0.3662481004774638,36.62481004774638,63.37518995225362,100.0,1.7222971878947346
81.70968710032668,1.2534011738334045,0.593672211770573,32,13,3.06216240492489,0.7954281038150655,79.54281038150654,20.45718961849346,100.0,1.2534011738334045
119.52772919702784,1.2696849592342478,0.5091492559345581,15,10,4.7359381281693835,0.38061413543537603,38.061413543537604,61.938586456462396,100.0,1.2696849592342478
103.5281139985143,1.4009829126391025,0.763394851943775,15,8,1.6207990509702708,0.2680414295303155,26.80414295303155,73.19585704696846,100.0,1.4009829126391025
77.83873718970061,2.5637053970158057,0.6045449127537619,25,18,3.8694045387504103,0.5140980007617975,51.40980007617975,48.59019992382025,100.0,2.5637053970158057
103.40057737899919,2.569185263161634,0.7712798962737459,16,9,4.453480455975173,0.25939783807450195,25.939783807450194,74.0602161925498,100.0,2.569185263161634
94.89012729850359,1.766841581173713,0.3005688914941113,21,14,2.0768320452428,0.2528430433237702,25.284304332377022,74.71569566762298,100.0,1.766841581173713
91.73814904605983,1.9473455760837526,0.46963026825199206,17,11,4.353922421713187,0.2151397465564327,21.51397465564327,78.48602534435673,100.0,1.9473455760837526
80.77653230650142,1.1172264193832222,0.7672503156889272,31,22,3.6388635993278737,0.595841250528096,59.5841250528096,40.4158749471904,100.0,1.1172264193832222
107.55800608580591,2.811450893711763,0.3560584484349857,34,10,1.9616495474536717,0.2668571105587948,26.68571105587948,73.31428894412052,100.0,2.811450893711763
106.17905261118439,2.279427042908435,0.7739622499196217,12,7,4.508646203103623,0.244995759563699,24.499575956369902,75.50042404363009,100.0,2.279427042908435
