T_Feed_C,P_Feed_atm,z_Feed,N_Stages,N_Feed,Reflux_ratio,B_fraction,q_feed,feed_stage_rel,RR_excess,RR_x_z,log_RR
105.78430268737358,1.9857958721492155,0.4923461718124912,21.0,14.0,3.4959350579114314,0.4310840778142959,0.9926,0.6666666666666666,2.1959350579114316,1.721210242667773,1.25160088150846
71.10373521260986,1.5478714237585065,0.5981988366651079,31.0,13.0,1.753754675284276,0.5710783293587862,1.115,0.41935483870967744,0.45375467528427604,1.049094006551048,0.5617590183093985
80.70895274392358,1.239071796592011,0.262225481328586,15.0,5.0,3.260999406654081,0.6757417286557625,1.1001,0.3333333333333333,1.960999406654081,0.8551171390220996,1.1820337148550284
71.57609395047257,1.7784319927648522,0.7952572744678224,24.0,10.0,5.924318881860588,0.4671377833473992,1.0986,0.4166666666666667,4.624318881860588,4.711357687066708,1.7790657237651708
77.60517827259766,2.8253845562655027,0.5991735171263857,25.0,5.0,3.171157864370316,0.3869507267293474,1.143,0.2,1.8711578643703162,1.9000738109577602,1.1540967780982803
90.7546421363014,2.780845007930271,0.2594488022880728,33.0,23.0,2.2369392176295912,0.6715998145371207,1.1245,0.696969696969697,0.9369392176295912,0.5803712008052161,0.8051085107618173
84.85278158661275,2.610982197830958,0.2001957714949266,28.0,6.0,5.477744196170475,0.5268049998791069,1.1508,0.21428571428571427,4.177744196170475,1.0966212254042047,1.7006933731770872
74.03056263681309,2.9763308629141867,0.440048893427777,17.0,11.0,2.5557101153064448,0.4556680610800184,1.1856,0.6470588235294118,1.2557101153064447,1.1246374081627772,0.9383301166666166
64.46929195074534,2.814132943099379,0.5072578496768102,22.0,6.0,5.000942806354006,0.7573433156675313,1.2128,0.2727272727272727,3.700942806354006,2.5367674943078455,1.6096264559294595
100.06397538421136,2.9443701620934872,0.5544748458009432,13.0,4.0,4.120276295081455,0.7982879517417372,1.0533,0.3076923076923077,2.820276295081455,2.2845895633725712,1.4159202230258598
75.15932888790914,2.8007121779000546,0.5313196742553474,19.0,6.0,2.832909781212024,0.7208573391044832,1.1613,0.3157894736842105,1.5329097812120238,1.50518070214836,1.0413043746695776
72.79168639064355,1.910351586427554,0.5030738341487329,25.0,15.0,5.587254454771305,0.5209839498519561,1.1356,0.6,4.287254454771305,2.8108015209263884,1.7204880135192573
94.6824983468245,1.6982558267343024,0.7374684100212969,19.0,4.0,4.898664562967792,0.6098850219635673,0.9988,0.21052631578947367,3.598664562967792,3.6126103664795286,1.5889626298014663
79.9333723839997,1.6362288801882097,0.4183027687755485,34.0,20.0,2.259050440363683,0.5101710854643617,1.1019,0.5882352941176471,0.959050440363683,0.9449670540077507,0.8149445658615012
84.04658513708907,1.763199716739691,0.6489549427944474,30.0,22.0,1.627379664024987,0.3904583449805512,1.0604,0.7333333333333333,0.32737966402498686,1.0560960767721825,0.4869711532117992
60.77517182782197,1.646329721982038,0.2380161235216211,33.0,25.0,5.193673503573168,0.4219479288501384,1.2107,0.7575757575757576,3.8936735035731678,1.2361780341574418,1.6474412509592522
61.63470081983503,1.8687933056142088,0.627060551389464,12.0,8.0,5.166640860238532,0.7421393471537658,1.1682,0.6666666666666666,3.8666408602385323,3.239796666652509,1.642222740452075
111.48439897826673,1.3105745971802416,0.7774723587452428,18.0,4.0,3.648793337948159,0.5939613226732852,0.9012,0.2222222222222222,2.348793337948159,2.836835963028483,1.294396520593735
110.88205408548424,2.087102183082904,0.5007384485945059,31.0,8.0,1.7518114347147735,0.3503761459712535,0.9732,0.25806451612903225,0.4518114347147735,0.8771993400491912,0.5606503581343696
113.56504045898834,1.5355774364540986,0.7762536997866796,29.0,17.0,2.728005570827169,0.374562478814885,0.9021,0.5862068965517241,1.428005570827169,2.117624417393263,1.0035707820712014
76.25650985528428,1.0173814888709067,0.2369765779179101,34.0,17.0,5.172450126757578,0.716983729113178,1.1133,0.5,3.8724501267575784,1.2257495304900712,1.6433464885915752
86.01063563822743,1.1203284830674252,0.5421439012242139,30.0,15.0,5.337385653181131,0.515338781124423,1.0361,0.5,4.037385653181131,2.8936310803537673,1.6747359550336696
70.25679539118177,1.146373448833658,0.211727284061203,19.0,6.0,5.265513027741232,0.4165181525888202,1.1491,0.3157894736842105,3.965513027741232,1.1148527725525328,1.6611785820052825
107.19180970563596,1.838943001638785,0.7401902080493696,12.0,4.0,4.312774673298993,0.447093810770642,0.9487,0.3333333333333333,3.012774673298993,3.1922735826992334,1.4615814726883927
112.13945616136128,1.7926765253148655,0.3751757291551617,34.0,23.0,4.661888989999872,0.6047383061123618,0.9701,0.6764705882352942,3.361888989999872,1.749027601063622,1.5394207286612238
100.94842887040916,2.4355759296589263,0.4712221876964453,23.0,7.0,2.3951651224816835,0.2367300690239905,1.037,0.30434782608695654,1.0951651224816834,1.1286549489100433,0.8734521731550655
118.70932633007402,1.4130397471601772,0.5300340752111903,19.0,12.0,5.366244737255209,0.5234571097339984,0.9043,0.631578947368421,4.066244737255209,2.8442925666679812,1.6801283598443348
109.57818764663476,2.408493994706636,0.2979135581614197,31.0,21.0,2.529973114287049,0.3973251512351285,1.0188,0.6774193548387096,1.2299731142870491,0.7537132925299829,0.9282086759189522
72.42601959214973,1.562178090230767,0.5070921253945075,10.0,6.0,4.056708151632171,0.5599771555462421,1.1211,0.6,2.7567081516321714,2.057124758716382,1.400371844646869
101.41225273066246,2.5087652658679307,0.2576813780028962,16.0,4.0,3.813299213032885,0.7379313613326814,1.0649,0.25,2.5132992130328846,0.9826161959516734,1.3384947496122754
91.08080283875822,2.428358454609816,0.5996279404852219,17.0,11.0,2.4155390443267923,0.6841176656250101,1.0648,0.6470588235294118,1.1155390443267923,1.4484247023113157,0.8819224689581897
119.46515030854742,1.1934201199207175,0.4142075710063251,30.0,24.0,5.510696748614892,0.3088017038249311,0.9056,0.8,4.210696748614892,2.282572314796228,1.706691066824732
79.1168040093663,1.7222971878947346,0.4260561110862686,15.0,4.0,2.408488352203989,0.3662481004774638,1.1084,0.26666666666666666,1.1084883522039888,1.0261511809366066,0.8789993109560328
80.48947808311986,1.0389659498635064,0.4379392465518303,33.0,12.0,5.863862272665476,0.5225587313690943,1.0702,0.36363636363636365,4.563862272665476,2.568015425574822,1.7688084773824497
98.46124082082274,2.843337382870597,0.4010598566222489,31.0,24.0,2.567381592815817,0.674964298997333,1.0751,0.7741935483870968,1.267381592815817,1.0296736935093127,0.9428865440612383
114.34977228400548,1.5707458801138885,0.6278775305006443,31.0,16.0,5.995492645379291,0.581260038278161,0.9187,0.5161290322580645,4.695492645379291,3.7644351163155245,1.7910079611464627
79.86832916849492,1.6629899722728303,0.3081138079705092,27.0,9.0,5.940242079145098,0.5554368960420674,1.1172,0.3333333333333333,4.640242079145098,1.830270607272051,1.7817498866089605
99.00749652660676,2.695839995944917,0.4202050150663418,19.0,7.0,4.707295562602026,0.3406639317127573,1.0637,0.3684210526315789,3.407295562602026,1.978029202804908,1.5491135525874586
69.52231677308706,2.820283034715993,0.385667879933517,27.0,12.0,1.50520184207918,0.4867758254081787,1.2056,0.4444444444444444,0.2052018420791799,0.5805080033067017,0.40892700354664074
64.77233877114742,2.41468213767181,0.4522634812848185,29.0,7.0,2.29474369634949,0.5870158460405798,1.2004,0.2413793103448276,0.99474369634949,1.037828772767413,0.8306211581253788
117.22906096949794,1.8934919176633025,0.3726795641281365,23.0,5.0,4.187211670016737,0.2342469332174741,0.9521,0.21739130434782608,2.887211670016737,1.5604882200940842,1.4320350398591997
97.00548566108202,1.6114566538657922,0.5531258785117783,28.0,13.0,3.758664724617909,0.7087064950545483,1.0075,0.4642857142857143,2.4586647246179085,2.079014727835512,1.3240637678980718
111.1305817160107,1.8077833962462773,0.3596869759217644,28.0,15.0,1.9496485215392647,0.2506072228687871,0.9772,0.5357142857142857,0.6496485215392647,0.701263180822797,0.6676491109650279
97.12742317223312,2.0766810534201148,0.5584300222052687,30.0,24.0,3.3726061874148305,0.5727341610902306,1.0271,0.8,2.0726061874148307,1.8833645481276904,1.2156857948649757
62.93269499856302,2.77201775500999,0.6442397353189946,21.0,5.0,3.10664844876214,0.662664370428616,1.2007,0.23809523809523808,1.8066484487621401,2.0014263743596863,1.1335444758798376
117.74669502796556,1.349456359095797,0.2554166873532637,18.0,12.0,5.325660191602731,0.6384711250277144,0.9401,0.6666666666666666,4.025660191602731,1.3602624841083173,1.6725366835543534
73.10646998791265,2.7365061586168675,0.3403956313061048,34.0,18.0,1.7220134844407575,0.4321388174161566,1.1915,0.5294117647058824,0.4220134844407575,0.5861658671538369,0.5434942366605691
94.8901272985036,1.766841581173713,0.3005688914941113,21.0,14.0,2.0768320452428,0.2528430433237702,1.0555,0.6666666666666666,0.7768320452428001,0.6242311056580765,0.7308436775139454
62.62795444308424,1.217810355479437,0.551708822743785,21.0,15.0,4.630377660344799,0.7825499183883247,1.144,0.7142857142857143,3.3303776603447988,2.5546202078479503,1.5326384328806733
80.27026783212199,1.8097399069701523,0.7119586184273146,19.0,11.0,4.2507851367691645,0.4846886660305042,1.0715,0.5789473684210527,2.9507851367691647,3.026383113205538,1.4471037039376835
71.16354356441109,2.1087521331013104,0.432791973067374,28.0,12.0,5.227431204165299,0.3572093557425337,1.1605,0.42857142857142855,3.9274312041652992,2.2623902649246586,1.6539199918639524
71.35115406138483,2.445985192315514,0.7650258543407016,34.0,21.0,5.878348169873389,0.3698607371873534,1.1333,0.6176470588235294,4.578348169873389,4.497088330769489,1.77127579895322
95.43452042688408,2.950709923059325,0.7356894852074283,26.0,18.0,3.404275721366057,0.4738175598471248,1.0517,0.6923076923076923,2.104275721366057,2.504489852955941,1.2250322066570887
90.17034021604832,2.9636860503070817,0.2517211110203085,28.0,18.0,5.317746599325376,0.7899111038403308,1.1363,0.6428571428571429,4.017746599325376,1.3385890821066506,1.6710496420664018
70.69931981350643,2.9576573047719927,0.4750745969626947,15.0,10.0,1.859288275167432,0.256337789426623,1.1953,0.6666666666666666,0.559288275167432,0.8833006279626316,0.6201937667373297
88.937746158909,2.398329042733961,0.6034553336652171,25.0,10.0,3.1891180786912345,0.7906969364318059,1.0726,0.4,1.8891180786912345,1.924490314274395,1.1597444142133224
109.87969936463404,2.544943384997439,0.2962525632369545,18.0,5.0,3.960851390486552,0.300279352313728,1.0238,0.2777777777777778,2.6608513904865516,1.1734123770322964,1.376458999755332
105.96883104271387,2.121760488140189,0.634813114399982,28.0,18.0,2.50143883699782,0.6422370021733805,0.98,0.6428571428571429,1.2014388369978202,1.5879461785956552,0.91686610111665
94.41600249685168,2.769983576690924,0.7610841376420245,29.0,18.0,3.5153583871350715,0.5010095411107481,1.045,0.6206896551724138,2.2153583871350717,2.6754835065753544,1.2571414794207656
75.48264391724751,1.915991799110304,0.7339968398501295,13.0,9.0,5.916295808858546,0.7688059000480838,1.0949,0.6923076923076923,4.616295808858546,4.342542427320739,1.7777105450959079
107.15561985556434,1.501312683748211,0.3021607156918712,27.0,17.0,4.864241497923464,0.7586746480351323,0.9885,0.6296296296296297,3.5642414979234642,1.4697826923106534,1.5819107934978438
93.4072924861488,2.5488166139453465,0.3825894179752087,34.0,16.0,1.9961919829319803,0.4770527589051055,1.0869,0.47058823529411764,0.6961919829319803,0.7637219289167241,0.6912413570975614
61.78298849282175,1.0781506086434791,0.5192699483669543,11.0,6.0,1.893204350881107,0.7091653228664878,1.1456,0.5454545454545454,0.5932043508811069,0.9830841255301256,0.6382708172097422
78.86933974935693,1.5660144987310276,0.6601126922676839,10.0,6.0,3.3171758937643903,0.7863268518378657,1.0733,0.6,2.0171758937643904,2.189709909958272,1.1991137865253347
67.96641826176634,1.9231599645544013,0.535177521643491,13.0,5.0,5.965421827727639,0.5519745362818007,1.1537,0.38461538461538464,4.66542182772764,3.192559669321262,1.7859797701874516
92.48046315229372,1.2870108514040448,0.5756039083260487,34.0,18.0,5.026195347546514,0.6617183319258779,1.0104,0.5294117647058824,3.726195347546514,2.893097686057976,1.6146633057649116
65.64605490077855,1.787882933693974,0.4388019051694734,14.0,9.0,3.976984310608679,0.2799663048209593,1.1701,0.6428571428571429,2.6769843106086793,1.7451082923241932,1.3805238211860091
104.12725723232732,1.5924202350699712,0.6617154981772866,27.0,9.0,4.7760246678640215,0.5058205176436785,0.9612,0.3333333333333333,3.4760246678640216,3.1603695424026506,1.5636085410401162
69.43248816763894,2.6583349833072925,0.3178370535226403,10.0,5.0,4.3905951826535805,0.3793726202932425,1.2072,0.5,3.0905951826535807,1.3954938360653126,1.479464794811616
110.2951192585572,1.010340046223306,0.2392698481032978,29.0,16.0,5.478677095171388,0.5172787197473732,0.9603,0.5517241379310345,4.1786770951713885,1.310882236368675,1.700863665826185
107.43234020548098,1.4485029951834347,0.3391712602943501,24.0,15.0,5.075168600171615,0.7000839562095098,0.9803,0.625,3.7751686001716154,1.721351330326519,1.624359746084715
61.24546859574495,2.578159128528287,0.6873156338587194,22.0,10.0,3.073424553961792,0.2856395028463537,1.1941,0.45454545454545453,1.773424553961792,2.1124127454232013,1.122792429792381
119.27831420650833,1.1635845452277696,0.3277101355753345,17.0,4.0,1.968602499543905,0.6661841778183335,0.9159,0.23529411764705882,0.668602499543905,0.6451309920194755,0.6773238999185099
80.57985495847822,2.392632090606515,0.4681575417749111,26.0,15.0,1.7030913609514775,0.3828859135458842,1.1266,0.5769230769230769,0.40309136095147746,0.7973150649611315,0.5324450473064712
117.2634338740752,1.4266387019742908,0.4019285131149814,22.0,4.0,5.742855297046645,0.7677730234418298,0.9274,0.18181818181818182,4.442855297046645,2.3082172905764526,1.7479565251598221
109.4731125062624,1.0969177352865127,0.6626120157420263,21.0,12.0,5.128214889040521,0.2333376006434763,0.915,0.5714285714285714,3.828214889040521,3.3980168047854113,1.6347576237794805
67.7728442651326,1.3907837838518835,0.6217047162010606,30.0,22.0,4.968399114480649,0.4434980721530106,1.12,0.7333333333333333,3.668399114480649,3.0888771614417925,1.6030976784576
106.40518874492922,1.576995860061886,0.3845979391359166,15.0,11.0,3.662941323601325,0.7060295918710298,0.9849,0.7333333333333333,2.3629413236013246,1.4087596842328562,1.29826646499552
110.7379284243678,1.5065161329159658,0.6559405876865362,22.0,16.0,2.904059782029906,0.5023494790160138,0.9285,0.7272727272727273,1.6040597820299058,1.9048906801015306,1.0661096828491112
76.14931111813753,1.743216815318304,0.7156547732022174,24.0,13.0,2.36370720255581,0.4597054161603408,1.0865,0.5416666666666666,1.06370720255581,1.691598341961526,0.8602312350860842
119.37730829537028,1.7572994077908457,0.6371023505721898,19.0,13.0,5.070151651406102,0.7482518568512591,0.9034,0.6842105263157895,3.7701516514061018,3.230205534868297,1.6233707286756924
85.20808044071994,1.8476589663288845,0.5221776154174271,27.0,19.0,3.531713948226109,0.6117259871318426,1.0748,0.7037037037037037,2.2317139482261092,1.8441819678211764,1.2617832908510045
111.24882989365588,2.92097072372838,0.3121576416300542,12.0,4.0,4.404706177353258,0.6782024689362648,1.0325,0.3333333333333333,3.1047061773532585,1.3749626923959244,1.4826735550870151
110.1732420240789,1.436651884028406,0.6818841700590799,15.0,7.0,1.958324158536775,0.5197140113885546,0.9246,0.4666666666666667,0.658324158536775,1.3353502435504947,0.6720890863486404
65.79963570907469,2.2213482722473623,0.7458385468771549,10.0,4.0,5.407520532920051,0.5073814399535639,1.1505,0.4,4.107520532920051,4.033137256481469,1.6877906759566936
82.39963824939143,2.9188836455169787,0.4088770510142525,21.0,16.0,5.038953285362331,0.7494871880250935,1.1495,0.7619047619047619,3.7389532853623315,2.0603123595175292,1.6171983790387654
60.46343585649,1.2075271183205454,0.3299181060676053,19.0,7.0,2.386986709760536,0.763432337846291,1.1809,0.3684210526315789,1.086986709760536,0.7875101344927407,0.8700317795827246
113.15844214369832,2.741207227010338,0.3453878610232463,17.0,9.0,4.260733193973844,0.3689703995228094,1.0117,0.5294117647058824,2.9607331939738444,1.4716055242573705,1.4494412567333008
87.45381686327877,2.357923870735484,0.6087083106184231,30.0,15.0,3.776915946298234,0.2889324509672946,1.0768,0.5,2.4769159462982335,2.2990401250189807,1.328907789391678
100.46814126820186,2.196317152569397,0.201368831958033,30.0,7.0,3.320202097596347,0.5116384814258366,1.0621,0.23333333333333334,2.0202020975963473,0.6685852182575875,1.2000256538457095
107.70620769608496,2.118111529874505,0.4987135356783987,26.0,8.0,3.3046190824516186,0.5987995914779376,0.9891,0.3076923076923077,2.004619082451619,1.6480582666797525,1.195321211729858
68.9936868786113,2.935580609072865,0.3043008825499207,24.0,8.0,3.3886573882939004,0.6197631200229599,1.2233,0.3333333333333333,2.0886573882939006,1.0311714339171432,1.2204337922928192
99.93038666588016,1.209390135020193,0.5662466675028625,11.0,6.0,3.734371193262629,0.3716992165132696,0.9748,0.5454545454545454,2.4343711932626286,2.1145752434036513,1.3175794491939479
80.77653230650142,1.1172264193832222,0.7672503156889272,31.0,22.0,3.6388635993278737,0.595841250528096,1.0313,0.7096774193548387,2.3388635993278735,2.791919245333257,1.2916714349178644
66.57596229528545,2.7111069796981204,0.2648550732716238,14.0,4.0,5.351289139644653,0.6454180916272441,1.229,0.2857142857142857,4.051289139644653,1.417316077178229,1.6773374925627964
96.88890691822584,1.7017407853675026,0.3330018730214876,32.0,10.0,5.616469579042007,0.4590898563250134,1.0396,0.3125,4.316469579042007,1.8702948895891942,1.7257032777297943
99.7746645497237,1.4413374154543832,0.7110061306758453,16.0,8.0,4.5592469313254185,0.7525048471155078,0.9678,0.5,3.2592469313254187,3.241652519437407,1.5171574632489244
110.47853854767727,2.43684927570016,0.5373671107905704,35.0,13.0,4.161975620541548,0.6351023739194666,0.9861,0.37142857142857144,2.861975620541548,2.236508814391203,1.425989870323712
102.20694551913014,1.66773655758771,0.7654775386323782,11.0,5.0,2.998753995054932,0.4936841262806246,0.9602,0.45454545454545453,1.698753995054932,2.2954788270986604,1.0981968674109572
114.04853954619186,2.619332465156159,0.2918745327753481,28.0,6.0,5.455931746703013,0.5025658961548192,1.009,0.21428571428571427,4.155931746703013,1.5924475294231306,1.696703410694404
115.1636496347841,1.1059650831645982,0.5109257655743686,11.0,7.0,1.5686770944416273,0.3910486567667376,0.9088,0.6363636363636364,0.26867709444162724,0.8014775454165646,0.45023264915531513
95.99487150989928,2.1011307009842786,0.3647987163862156,18.0,7.0,4.545217648662343,0.2833265861500456,1.0575,0.3888888888888889,3.2452176486623427,1.6580895639279956,1.5140756139773375
79.35915712280061,1.2507355328283376,0.6097316639064512,19.0,5.0,4.887020594736667,0.5549084959048496,1.0633,0.2631578947368421,3.587020594736667,2.979771198773882,1.5865828324671198
83.21908574905,2.991436109271384,0.7435142564931396,25.0,14.0,3.9956268198542872,0.3182061656330177,1.1072,0.56,2.6956268198542874,2.970805504188008,1.3852004680004837
109.4370135706463,2.137354224920564,0.6777705885631784,13.0,7.0,3.1588703769117594,0.7348146621459428,0.9598,0.5384615384615384,1.8588703769117594,2.1409894345542724,1.1502144880283298
97.45777478564658,2.5308784097095414,0.6480563685426384,20.0,8.0,4.0836444002166665,0.3159573163606139,1.0348,0.4,2.7836444002166667,2.6464317604238934,1.4069898250660025
77.07811390894055,2.6436262100896664,0.5506829607738706,22.0,13.0,3.3938996810054416,0.7762014862112454,1.1433,0.5909090909090909,2.0938996810054418,1.8689627249055714,1.2219796086278303
94.48447070565484,2.26052177185494,0.5185636859359399,27.0,13.0,2.156133003558975,0.6986079007018098,1.0522,0.48148148148148145,0.8561330035589749,1.1180922776936713,0.7683163411064221
68.44373108183537,2.3227244118694634,0.6071233307675148,23.0,5.0,3.100638005178208,0.7152283827505983,1.1605,0.21739130434782608,1.800638005178208,1.8824696732081365,1.131607898437517
110.09880684367168,2.0123797646426995,0.7259917578295367,23.0,16.0,5.090031631199535,0.6130788134971055,0.9452,0.6956521739130435,3.7900316311995352,3.695321011342495,1.6272840449241703
88.33928873921651,1.2274703973879293,0.4191827807592252,32.0,12.0,2.0632659630318058,0.3245477560632989,1.0459,0.375,0.7632659630318057,0.8648855638295331,0.7242901462991163
114.20331401196792,1.9633802141566497,0.3914794536742091,18.0,5.0,5.107236406564999,0.4781051960637554,0.9665,0.2777777777777778,3.807236406564999,1.9993781182270967,1.6306584372863129
113.48275144848924,2.928223609657414,0.7173575971159867,27.0,11.0,3.5853059520137114,0.3628359983887399,0.9722,0.4074074074074074,2.2853059520137116,2.571946462662201,1.2768438126733788
72.05118276827255,2.6034094461738952,0.2257085537175962,18.0,11.0,4.4479665749105575,0.3075740000795511,1.2046,0.6111111111111112,3.1479665749105576,1.003944102607272,1.4924470422866285
78.26560667819138,1.0408749962353236,0.4855550613679552,15.0,5.0,5.802774813464563,0.4123466830423193,1.0743,0.3333333333333333,4.502774813464563,2.8175666806562103,1.7583362192624512
118.18199989839933,2.172212399562784,0.2131185997288167,26.0,12.0,3.47907847084592,0.7702175987082591,0.9803,0.46153846153846156,2.17907847084592,0.7414563320533553,1.246767451490574
91.54820712308684,2.476170753050862,0.5811290749045217,14.0,9.0,5.217923907456967,0.3734998459966168,1.0672,0.6428571428571429,3.9179239074569674,3.0322872932626543,1.652099603905442
119.90482935280168,1.967692139620848,0.3015655859889263,24.0,7.0,4.074680802784398,0.2415487037166807,0.9524,0.2916666666666667,2.774680802784398,1.2287835040095056,1.4047924130197682
62.02095821217978,1.8591800346978449,0.2729054500341529,15.0,9.0,4.271631585648069,0.2636110622476983,1.2103,0.6,2.971631585648069,1.1657515402613883,1.4519958586244797
74.75881573199379,2.02050817288206,0.7470652393243824,19.0,15.0,3.087345962790793,0.509245160791953,1.1012,0.7894736842105263,1.7873459627907928,2.3064488505694696,1.1273118101154433
116.43876553591892,1.9248003430450424,0.6953295973267895,18.0,10.0,4.830544901131815,0.6821506658739829,0.9168,0.5555555555555556,3.5305449011318153,3.3588208409729607,1.5749592772705583
79.28978537344557,2.459818303628809,0.2630466328186871,26.0,8.0,3.8454779964304553,0.3877923715053206,1.1611,0.3076923076923077,2.5454779964304555,1.0115400385393827,1.3468979115977966
97.84749032615709,2.9818837781244514,0.7688925886345575,14.0,6.0,4.362353960083901,0.7775436517178431,1.0381,0.42857142857142855,3.062353960083901,3.3541816289091235,1.4730118107696724
65.12281694726762,2.2508002447181426,0.2467694844207167,26.0,19.0,1.9274482100890296,0.3959859973674233,1.2172,0.7307692307692307,0.6274482100890295,0.47563540105130303,0.6561969571392627
106.5927266114032,1.8175476109463296,0.6383992718010956,20.0,16.0,2.598719594732955,0.7255083610493687,0.9632,0.8,1.2987195947329548,1.6590206968927566,0.9550188601631817
76.45007524520369,1.8296975685964576,0.5017712122603732,17.0,9.0,3.895004363722076,0.3257057806722967,1.1157,0.5294117647058824,2.595004363722076,1.95440106134427,1.359694799661513
60.63092347418088,1.8788445614647529,0.5924005409507778,12.0,6.0,4.746307019966038,0.7444026518768039,1.1774,0.5,3.4463070199660386,2.811714846146355,1.5573668461795782
83.5066972355431,2.7184211414630344,0.6852024788051293,14.0,6.0,5.46727559555133,0.4093891172634086,1.101,0.42857142857142855,4.16727559555133,3.7461907903825606,1.6987804293888225
112.3230020393838,2.0370816744744604,0.5739619494520751,22.0,14.0,2.444523821268171,0.2629884320607648,0.9554,0.6363636363636364,1.144523821268171,1.4030636579371154,0.8938503478318606
73.28959677083266,1.157198240159736,0.5558895917602551,13.0,7.0,1.6639000878183938,0.4036711760761908,1.093,0.5384615384615384,0.3639000878183938,0.9249447405472195,0.509164297217972
64.41565011243154,1.0264848752014737,0.5835949802133933,26.0,10.0,3.919805817370068,0.3054725457666629,1.1234,0.38461538461538464,2.619805817370068,2.2875789984284287,1.3660421161902172
86.73527965715677,2.0904307248274403,0.3255720468906115,12.0,4.0,4.225357528787622,0.3192443844163518,1.1034,0.3333333333333333,2.9253575287876226,1.375658299492042,1.4411038794271347
75.33396569866306,1.536430588902946,0.6502179303858159,33.0,19.0,3.1385548077992933,0.7452025964339595,1.0891,0.5757575757575758,1.8385548077992933,2.0407446115297088,1.1437624416783467
93.08229641774034,1.8881188033547665,0.2695830365844289,23.0,15.0,2.1367221187202485,0.6856888108956005,1.0729,0.6521739130434783,0.8367221187202485,0.5760240371017191,0.7592729345268864
71.83243485405006,1.0680244374127523,0.2350042226145131,23.0,16.0,2.226927022590821,0.5583809532690194,1.1356,0.6956521739130435,0.926927022590821,0.5233372537632082,0.8006226183583391
103.4005773789992,2.569185263161634,0.7712798962737459,16.0,9.0,4.453480455975173,0.2593978380745019,0.9945,0.5625,3.1534804559751732,3.434879944141686,1.4936859154160673
100.26339115648958,2.163380971636574,0.7503500917523527,28.0,21.0,5.624804461438254,0.677579055120311,0.993,0.75,4.324804461438254,4.2205725437292365,1.72718618507528
67.8391671396848,1.1697376948904106,0.5634717970418517,14.0,5.0,3.695065372409829,0.4348413377915022,1.117,0.35714285714285715,2.395065372409829,2.082065125578885,1.3069982463708139
67.65671142192829,2.7460274054361733,0.5848268803865555,25.0,11.0,2.9803076879432875,0.5972339989429746,1.1858,0.44,1.6803076879432874,1.7429640477319408,1.0920265461749772
112.71858171920508,1.4449609142110715,0.4217799642295018,35.0,27.0,4.164523203644073,0.5376688955588271,0.9461,0.7714285714285715,2.8645232036440733,1.7565124478659275,1.4266017921496348
96.47352594981864,1.8753108313149085,0.6703294253238005,23.0,12.0,5.956056359504217,0.4352909459525353,1.0071,0.5217391304347826,4.656056359504217,3.9925198366626287,1.7844085774204133
114.66594727405726,1.82767800797736,0.4988852308648828,34.0,27.0,4.213426384387837,0.2430066306692896,0.9449,0.7941176470588235,2.9134263843878374,2.1020161945075144,1.4382761847089103
102.9665795316408,2.700536274430392,0.2745806625059212,23.0,15.0,5.388848448442796,0.2772499173683834,1.0644,0.6521739130434783,4.088848448442796,1.4796735771174285,1.6843317161663829
75.04336905915623,2.416486597065045,0.3900505423799695,12.0,6.0,3.565870145367802,0.2027223083619548,1.1623,0.5,2.265870145367802,1.3908695842572518,1.27140810413064
84.76099492476976,1.5754621818961143,0.6522358536407307,30.0,14.0,4.561224259718784,0.696555171811641,1.0483,0.4666666666666667,3.2612242597187846,2.974993998684491,1.517591065501029
86.1973497810925,2.344653378167725,0.2955359320713303,21.0,7.0,2.63659197362298,0.7544549985986388,1.1209,0.3333333333333333,1.33659197362298,0.7792076664164557,0.9694871641221934
63.86850974615909,1.0534706942364698,0.4618608241248361,21.0,17.0,5.829349184319984,0.4830497122115391,1.1423,0.8095238095238095,4.529349184319984,2.6923480183814688,1.7629053619389516
81.77643817969997,2.375938173680653,0.3489262277677104,31.0,8.0,1.5303728600179949,0.4049926659304849,1.1354,0.25806451612903225,0.23037286001799484,0.5339872291241612,0.4255114050726456
97.23516726493034,1.176849390380902,0.4651172907727139,22.0,9.0,1.7706945534968113,0.2757928817614991,0.998,0.4090909090909091,0.4706945534968112,0.8235806535084372,0.5713718727213171
88.043463319054,2.134668943611677,0.3189620442536572,32.0,22.0,5.784216797387342,0.6806410183237347,1.1003,0.6875,4.484216797387342,1.8449456141010085,1.7551329664132436
71.92421720163071,1.974627478722609,0.5614520943992906,31.0,16.0,4.638643557774664,0.6255236749237152,1.135,0.5161290322580645,3.338643557774664,2.6043761406843617,1.5344219868129703
93.31706745544444,2.911911247674031,0.5656347748535714,20.0,16.0,2.2658366447652627,0.58400077410674,1.0807,0.8,0.9658366447652627,1.281636000416771,0.8179440703184649
104.97498462305585,1.35665215552683,0.6529600951938462,21.0,4.0,2.4191698524941465,0.3645267264082303,0.9479,0.19047619047619047,1.1191698524941465,1.5796213771746608,0.8834244451587892
73.59229294364245,2.186470114658553,0.7322812735635904,32.0,23.0,5.28891555276454,0.313993173441331,1.1157,0.71875,3.9889155527645404,3.872973816748698,1.6656132253775404
108.01748174303138,2.9870599892489293,0.7210386186070241,32.0,19.0,4.137241999958491,0.5750412800738405,0.9988,0.59375,2.837241999958491,2.9831112564930318,1.420029382253433
90.9024606843273,2.195222476298169,0.3818540661238571,31.0,15.0,2.879666277704927,0.5431861938235558,1.0824,0.4838709677419355,1.5796662777049268,1.0996122772213786,1.0576744116368353
83.93242915051059,1.474011805033014,0.4163184272606187,19.0,8.0,1.5131713975761487,0.5256482032161531,1.077,0.42105263157894735,0.21317139757614867,0.6299611364146546,0.4142077116526455
90.29118153168014,1.3613505406143216,0.3626336652342978,25.0,6.0,4.793128339479237,0.3200000025872511,1.0502,0.24,3.493128339479237,1.7381496976837394,1.5671832962594952
113.31380813118658,1.98119258425872,0.759286098273203,23.0,14.0,4.045863885713821,0.6589124324712876,0.9253,0.6086956521739131,2.7458638857138213,3.0719682039281073,1.3976950964875736
65.29047439798434,1.2122278124316148,0.3143729559985371,25.0,14.0,5.53931030581892,0.5458273105945968,1.1615,0.56,4.23931030581892,1.7414093550334544,1.7118699994747382
89.15884040974345,1.0153570294886352,0.2272808764977916,23.0,15.0,2.942514698854332,0.7793519436561183,1.0567,0.6521739130434783,1.6425146988543318,0.6687773198632478,1.0792645555023777
74.47548049681315,2.491104801021798,0.7163880146513097,25.0,19.0,3.632728707612314,0.4125434910343203,1.1274,0.76,2.332728707612314,2.6024433066132038,1.289984075970279
112.8889594029212,1.677676638922838,0.7488557982336339,13.0,5.0,2.901246838805585,0.5876889041591713,0.9149,0.38461538461538464,1.601246838805585,2.1726155173465633,1.0651405890085306
62.40522014979132,2.2655212912374463,0.7192474154034265,24.0,16.0,4.841652379391936,0.2653611457333161,1.171,0.6666666666666666,3.5416523793919366,3.4823459601595004,1.577256063165395
98.32913611989092,2.791101366514684,0.6932713988952987,24.0,16.0,5.419813049678426,0.4012068251483635,1.0369,0.6666666666666666,4.119813049678426,3.7574013747015576,1.6900613221774115
74.85571747477543,1.0051148066946505,0.3309515875864889,11.0,7.0,3.351536551493878,0.2320202989857122,1.1073,0.6363636363636364,2.0515365514938777,1.1091963425710452,1.2094189127668118
111.65508020232409,2.2175539940752635,0.580352142139861,18.0,10.0,1.6076126428909652,0.3097408077172934,0.9657,0.5555555555555556,0.3076126428909651,0.9329814410328949,0.4747502480126967
88.46446625687517,2.070263648887273,0.6903722754679338,31.0,12.0,5.160394458253521,0.4281111603634827,1.0491,0.3870967741935484,3.860394458253521,3.5625932644565985,1.64101302196964
86.06466826853409,2.403839991598133,0.4775283099692065,12.0,4.0,4.46889606177073,0.7334030581078912,1.1014,0.3333333333333333,3.16889606177073,2.134024383805419,1.4971414120775248
106.5118421978506,2.057086529931584,0.691240914604886,25.0,12.0,3.127776469160719,0.3847143218659411,0.9676,0.48,1.827776469160719,2.1620470672222964,1.140322358863832
63.78315225999822,2.66667687370151,0.2886479201098387,30.0,12.0,1.525157019626826,0.5833730368634678,1.2366,0.4,0.225157019626826,0.4402334015562038,0.42209736844870005
60.51974362915787,1.9711359558966413,0.6433256798500553,10.0,4.0,3.1347737871614108,0.7201514908174527,1.1757,0.4,1.8347737871614107,2.016680477801747,1.142557014276136
119.79970752444538,1.6568475321698284,0.3533592808296619,23.0,17.0,3.4107513579770288,0.6733020330346338,0.9324,0.7391304347826086,2.110751357977029,1.2052206469435556,1.2269326066069313
89.6094823854973,2.4663801847342137,0.3544742812939458,31.0,14.0,4.2390527421482105,0.5470210938613,1.1037,0.45161290322580644,2.9390527421482107,1.5026351741401172,1.4443398344134586
86.98557358054904,1.2660552281847557,0.628697671539219,13.0,4.0,3.906721935023764,0.3643294708986115,1.0275,0.3076923076923077,2.6067219350237636,2.456146983900632,1.3626986425710697
85.02080860651115,2.867293461974678,0.6566917495399733,12.0,4.0,2.629141988689732,0.6668211224218197,1.1045,0.3333333333333333,1.329141988689732,1.726535852341665,0.9666575529198868
117.04641491209688,1.1967413155676931,0.7842368628435419,11.0,4.0,1.53868635621634,0.4539693304861709,0.8703,0.36363636363636365,0.23868635621633993,1.206694560899263,0.4309290369569017
104.18720411400612,1.1281927604347204,0.3265810818346883,21.0,5.0,1.7851044828300735,0.6882002923404452,0.982,0.23809523809523808,0.48510448283007346,0.5829813531905972,0.579476947316927
88.57762902088432,1.2818325802755504,0.4792605827165584,20.0,14.0,3.7058225184665448,0.2185257233993497,1.0397,0.7,2.405822518466545,1.7760546596444202,1.3099052363943566
91.58668293801034,1.3191165537113347,0.5271691524301434,34.0,12.0,2.3414877572423207,0.6931186046538337,1.0219,0.35294117647058826,1.0414877572423207,1.2343601164109916,0.8507865210317281
67.50384404013496,1.950634027045505,0.3136998027312653,26.0,11.0,2.721811454187605,0.4720657255424603,1.1847,0.4230769230769231,1.421811454187605,0.85383171625035,1.0012976344486961
115.44502543539237,1.1423487097574334,0.5141117384955853,12.0,8.0,5.443067222993921,0.7118458598760311,0.9088,0.6666666666666666,4.143067222993921,2.798344752761743,1.6943427297329394
78.0030735404949,2.904825167429967,0.5853651105708404,18.0,14.0,1.8637252083003604,0.7261147995295181,1.1465,0.7777777777777778,0.5637252083003603,1.090959712630403,0.6225772849562176
76.93460474682789,1.6402845531064028,0.6723836012582332,28.0,18.0,2.8055099159856174,0.7518022742389667,1.0838,0.6428571428571429,1.5055099159856173,1.8863788606760925,1.0315853106833481
113.992930490194,1.7134502796303304,0.2051357702496135,20.0,12.0,3.720871982743603,0.5606620531605419,0.9795,0.6,2.420871982743603,0.7632839401803156,1.3139580447800727
65.2065703547559,2.7485799595262987,0.429683233077489,27.0,10.0,4.856462122260773,0.4648720543400525,1.2162,0.37037037037037035,3.556462122260773,2.0867403460113727,1.5803102144394843
108.19014646986548,2.8919403211270787,0.5820981571482204,15.0,10.0,5.147066782728894,0.4026879350875981,1.0111,0.6666666666666666,3.847066782728894,2.996098088945309,1.6384269956649136
60.98180560066076,2.7540145191340955,0.7791295259871749,15.0,4.0,3.151784700374045,0.5438187940512259,1.1917,0.26666666666666666,1.851784700374045,2.45564851961606,1.1479688639437966
75.93915625169863,1.189605216161701,0.6364617545433908,25.0,9.0,4.502171885622316,0.7007009647434352,1.0725,0.36,3.202171885622316,2.865460217579105,1.5045599215918521
84.19610568323932,2.884482269312052,0.6964782474095226,26.0,18.0,2.701751394701017,0.4206705834277855,1.104,0.6923076923076923,1.401751394701017,1.8817110763175977,0.9939002274223491
87.04510412437743,2.661888793535409,0.5750044504109262,29.0,9.0,3.235586030367145,0.4499795513120638,1.0964,0.3103448275862069,1.9355860303671448,1.8604763671485305,1.1742100646740192
62.19253234933745,2.37983684581649,0.2947131567118252,16.0,5.0,4.928073975689728,0.3893629902447655,1.2301,0.3125,3.628073975689728,1.452368237884914,1.5949482374192254
82.9773070213847,1.0875698432918317,0.546202379224211,24.0,5.0,4.940262990020532,0.7300155041356127,1.0477,0.20833333333333334,3.640262990020532,2.698383399142529,1.5974185666290621
119.05222886623186,2.0431962805057733,0.7254126545840627,15.0,7.0,3.2201277274373883,0.4156818439358392,0.9066,0.4666666666666667,1.9201277274373882,2.3359214028601007,1.1694210256756272
104.80633912220024,2.8750981699107365,0.521305431682678,20.0,6.0,3.364503392192467,0.6522389916344775,1.0331,0.3,2.064503392192467,1.7539338932647284,1.2132803718765097
79.45061024543523,2.830534968633698,0.3634740274218189,20.0,9.0,5.489431810114841,0.6526240092284694,1.1644,0.45,4.189431810114841,1.9952658882798866,1.7028247547400703
84.47063000900438,2.365005799828952,0.4628752266208756,15.0,8.0,2.5441344408485373,0.2279399101084609,1.1087,0.5333333333333333,1.2441344408485373,1.1776168058617413,0.9337904903270563
78.77832862641621,2.587080359183966,0.7301727478286772,16.0,9.0,4.0183431163381815,0.2404329860002744,1.1107,0.5625,2.7183431163381817,2.9340846349751,1.3908696575547235
106.71115483048604,2.342748702591684,0.6169992056070888,29.0,22.0,4.492874841325841,0.7049314216150515,0.9888,0.7586206896551724,3.1928748413258408,2.7721002079901185,1.5024927733291924
88.11659525070414,1.0751332930397175,0.4804665882283401,11.0,4.0,3.0524337569325795,0.7182200285454956,1.0324,0.36363636363636365,1.7524337569325794,1.4665924329864108,1.115939225516659
107.89001088644942,2.1448310862998614,0.4590190237163611,34.0,10.0,5.37499748127191,0.2390743918814541,0.9944,0.29411764705882354,4.07499748127191,2.467226096331332,1.6817581054130417
81.90754939094168,1.5511259158333126,0.4737353874048384,28.0,7.0,3.780766060966017,0.5156692321361389,1.0823,0.25,2.480766060966017,1.7910826745788009,1.3299266507296235
95.52956932590268,1.1392636018959623,0.5149207132455274,14.0,4.0,2.831192180137455,0.3009237824625175,0.9977,0.2857142857142857,1.5311921801374548,1.4578394967315378,1.0406978880141686
63.38511927905253,2.9031391554670973,0.6321928114595747,26.0,14.0,5.434022683460903,0.5384787238625941,1.206,0.5384615384615384,4.134022683460903,3.435350077792251,1.692679685353357
104.3261637321716,2.975665663539444,0.5908194273707698,12.0,4.0,4.418189510298828,0.4191746810235789,1.0311,0.3333333333333333,3.118189510298828,2.6103521964902954,1.4857299991207
112.4819112885285,2.8064713475024785,0.6985686746011729,16.0,11.0,5.973788124891749,0.4735391130933847,0.9735,0.6875,4.673788124891749,4.173101252753855,1.7873812529600475
81.42328583566966,2.047458489144332,0.4952158125747283,28.0,19.0,2.6900316560180006,0.4452275692102945,1.104,0.6785714285714286,1.3900316560180006,1.3321462123866963,0.9895529615809364
114.48762261431897,1.6723479599803404,0.2248427566562297,29.0,11.0,2.1445961992135745,0.6582034152145101,0.973,0.3793103448275862,0.8445961992135744,0.4821969213456528,0.7629512825434431
111.10173875859248,1.9285416721036563,0.46636722178986,20.0,14.0,4.69258568117519,0.5894903747752357,0.9694,0.7,3.3925856811751904,2.188468147140551,1.5459837484860848
117.5936486741358,1.751859453615804,0.3926710506735116,30.0,20.0,3.455391910644482,0.6640028218997762,0.9417,0.6666666666666666,2.1553919106444823,1.3568323720415216,1.2399358836793681
84.62839690467514,2.604996379953363,0.2925719187838752,22.0,16.0,2.8445625732423734,0.2751956618573855,1.14,0.7272727272727273,1.5445625732423733,0.8322391301543186,1.0454093029424871
96.71235623640416,2.71421771821284,0.3769012807742162,14.0,7.0,2.954389760861287,0.7852504174764834,1.0802,0.5,1.6543897608612868,1.1135132847748492,1.0832921188249491
74.88345856542526,1.343175367789761,0.2220234622477385,17.0,9.0,5.8461426913466985,0.4959369293119285,1.1359,0.5294117647058824,4.546142691346699,1.297980841127106,1.7657820747638566
95.22996559882333,1.3346465304395962,0.446251358676476,24.0,6.0,3.866520436518898,0.278329926322178,1.0164,0.25,2.566520436518898,1.725439998146919,1.352354990587421
95.70491210335598,1.223728767357276,0.5717137663151541,10.0,4.0,4.052532151325389,0.7933371802422331,0.9936,0.4,2.752532151325389,2.3168884193474923,1.3993419082977374
85.90657527171697,2.24408271455267,0.5124487324453548,26.0,11.0,2.2875907044414614,0.6451334333305514,1.0906,0.4230769230769231,0.9875907044414614,1.1722729568448031,0.8274991695962576
96.19870024301076,1.5244305576239277,0.3173284425273672,18.0,14.0,4.874714484046976,0.5533756687887403,1.0367,0.7777777777777778,3.574714484046976,1.5468855549882252,1.5840615353596954
105.01851913632544,2.9132428660024603,0.2323182572601605,20.0,15.0,5.091321439010009,0.429253320901566,1.07,0.75,3.7913214390100096,1.182806923862098,1.6275374116050978
105.52052014900136,1.4293817510268712,0.2872511625496063,11.0,7.0,3.936508470775363,0.577363457327171,0.9944,0.6363636363636364,2.6365084707753628,1.1307666346165959,1.370294155494601
118.23017899981517,1.6846652537322049,0.270694378593116,32.0,11.0,5.302953266774411,0.5926866909988979,0.951,0.34375,4.002953266774411,1.4354796392578337,1.668263885514693
66.97960180925534,2.7773779525490445,0.5677848331038244,14.0,9.0,2.7095823010815723,0.3218541891399404,1.1923,0.6428571428571429,1.4095823010815722,1.5384597346006772,0.9967944905697597
78.57480900910033,1.9361999478465184,0.6204020365806202,13.0,9.0,2.624232170315246,0.3041033057292014,1.0962,0.6923076923076923,1.324232170315246,1.6280789829239597,0.9647883467086301
91.41176172914022,2.3356868071262022,0.2831665887617665,27.0,6.0,4.302885431007157,0.653768519674162,1.0987,0.2222222222222222,3.002885431007157,1.218433389331,1.4592858281260208
65.91401741178572,2.0934338610904444,0.3475312741234158,11.0,7.0,4.328045592824187,0.7874512052988902,1.194,0.6363636363636364,3.0280455928241876,1.5041311993384243,1.465116075875059
90.1134044854059,2.993706323898384,0.210466998830635,18.0,10.0,4.177444745013991,0.5737221279426947,1.1431,0.5555555555555556,2.8774447450139915,0.879214258263902,1.4296997545929928
74.53276732624147,1.6211596867206173,0.4029251622993558,11.0,7.0,4.535088629103747,0.78424413903098,1.1273,0.6363636363636364,3.235088629103747,1.8273013219235903,1.5118446267286663
64.56505551093237,2.668247520360577,0.6231873518271811,33.0,17.0,2.1809270272058514,0.351963045852303,1.1913,0.5151515151515151,0.8809270272058514,1.3591261386127411,0.7797500282488581
88.84557698417609,1.4803866375317276,0.6465182738003914,27.0,9.0,3.551188884569455,0.5240229997629031,1.0265,0.3333333333333333,2.251188884569455,2.295908507590981,1.2672824444836388
63.53221544390704,2.288779429087755,0.7473406973234193,10.0,6.0,2.128950536084949,0.466120154419373,1.1635,0.6,0.828950536084949,1.5910513782047933,0.7556291522384126
102.84566800893084,1.932165549780406,0.5895714601131133,14.0,4.0,4.681204960078716,0.7033080521804005,0.9912,0.2857142857142857,3.3812049600787164,2.759904843402357,1.5435555468921065
71.71770853155003,2.294543778789534,0.359251540910055,32.0,15.0,1.5785665732727376,0.3814696421652663,1.1755,0.46875,0.2785665732727376,0.5671024738773363,0.45651720314889155
69.6707327960114,1.1673599681512208,0.7517499658523179,20.0,8.0,3.448622140573258,0.4634294211075376,1.0852,0.4,2.1486221405732584,2.592501576413494,1.2379747717260345
89.44767949651401,2.065934259310943,0.54700053109347,17.0,4.0,3.9682620442896,0.5857264772696826,1.0625,0.23529411764705882,2.6682620442896,2.1706414457444705,1.378328226629622
85.6153787634918,2.202182537106908,0.6319429080234423,29.0,19.0,5.719420100433143,0.6110981426173587,1.0751,0.6551724137931034,4.419420100433143,3.614346970475449,1.7438674192091443
105.64702211191728,2.448256733641468,0.4328729386829145,17.0,5.0,3.57094531848785,0.4138742833038609,1.0213,0.29411764705882354,2.2709453184878496,1.5457655938898316,1.27283035583415
82.80583737762174,2.565391327011045,0.395740892451129,27.0,13.0,5.397640270168829,0.4548253363727691,1.1335,0.48148148148148145,4.097640270168829,2.1360669776467653,1.6859618710578101
87.18424518633398,1.298833509401463,0.4556263552936191,24.0,17.0,4.109441719893049,0.7131852987418859,1.0497,0.7083333333333334,2.809441719893049,1.8723699531264113,1.4132871847058912
67.09851366936905,1.183122864065365,0.5389554560760759,21.0,6.0,4.5925069930532345,0.5486341234494442,1.124,0.2857142857142857,3.2925069930532347,2.475156700973574,1.5244260608176303
108.61822690355206,1.5234459109009806,0.5731801164241563,31.0,13.0,2.3323928817673734,0.2472691290461202,0.9491,0.41935483870967744,1.0323928817673733,1.3368812235182965,0.8468947284693243
99.50594466004868,2.2818802857127505,0.4066674828979519,24.0,10.0,5.5528432179120575,0.6296248912902209,1.0446,0.4166666666666667,4.252843217912058,2.2581607743552596,1.714310088097529
95.39402860774791,2.3918716349569458,0.6680508884363385,25.0,14.0,2.3090588527440308,0.3593870351080337,1.0353,0.56,1.0090588527440307,1.5425688180274424,0.8368400184598472
103.5281139985143,1.4009829126391025,0.763394851943775,15.0,8.0,1.6207990509702708,0.2680414295303155,0.9426,0.5333333333333333,0.3207990509702707,1.2373096515460609,0.4829192689804414
81.18963449600456,2.674986000170072,0.3338953870855213,32.0,21.0,4.696524913926096,0.3993826146867746,1.1533,0.65625,3.396524913926096,1.5681480040921483,1.5468228552240746
112.28817869647555,1.8205030936748,0.4079309971170314,27.0,19.0,3.8571624764260704,0.7542516719730568,0.9666,0.7037037037037037,2.55716247642607,1.573456135050885,1.3499318034169128
116.25348054087029,2.253662546015878,0.345079797565256,29.0,7.0,5.734939418832867,0.6598988726595543,0.9761,0.2413793103448276,4.434939418832867,1.9790117336998525,1.7465771871136606
86.43311491738676,2.4728945928948125,0.3700248259014567,30.0,15.0,4.428488018198994,0.3922847398195063,1.1163,0.5,3.1284880181989942,1.6386505079407698,1.4880582206522326
91.0042052424232,2.6839709504571867,0.3203555014228303,17.0,5.0,2.0217618804861743,0.4421943842404877,1.1115,0.29411764705882354,0.7217618804861743,0.6476825409807128,0.7039693493144412
68.55245953866441,2.387305198411398,0.6539936765169587,27.0,9.0,1.5625851884032078,0.603513928625425,1.157,0.3333333333333333,0.26258518840320777,1.0219208322347584,0.4463416217202798
83.06001350039494,2.336758200886244,0.7625773099082667,11.0,7.0,2.4578806898646026,0.626615685098177,1.0763,0.6363636363636364,1.1578806898646026,1.8743240445524234,0.8992994704477002
89.32977941797206,1.5823159859266562,0.6577727141056435,12.0,5.0,3.4643406096585774,0.6019174074823173,1.0275,0.4166666666666667,2.164340609658577,2.278748725401522,1.242522314289643
115.9413835419478,1.3534295205014548,0.7882924809111131,24.0,14.0,4.152053039618351,0.2466171671241032,0.8818,0.5833333333333334,2.852053039618351,3.273032191475278,1.4236029202565492
98.9364322571498,1.058908317579244,0.7530186397141223,33.0,22.0,3.672132116601027,0.4885116140397975,0.9491,0.6666666666666666,2.372132116601027,2.7651839312934463,1.3007724515775092
81.70968710032668,1.2534011738334043,0.593672211770573,32.0,13.0,3.06216240492489,0.7954281038150655,1.0549,0.40625,1.7621624049248898,1.8179207277324565,1.1191213346679407
97.69082630385024,1.7918871067650852,0.6891524123990614,26.0,9.0,5.294715196114682,0.5499765077252421,0.9955,0.34615384615384615,3.994715196114682,3.6488657503684028,1.666709190281885
85.7123118479526,2.7590269280517417,0.7228337746921316,31.0,18.0,1.8185177234659409,0.6077011950802438,1.0883,0.5806451612903226,0.5185177234659408,1.314486030397428,0.5980217315980951
86.38274871999177,1.100822823502686,0.4814387867910605,30.0,7.0,5.676070160399272,0.6060512884758857,1.0412,0.23333333333333334,4.376070160399272,2.7326803317635657,1.7362591201092221
103.64391055881885,2.6300170729090926,0.595205230048879,20.0,15.0,2.109217040212868,0.4902458333370433,1.0181,0.75,0.8092170402128678,1.2554170136429157,0.7463168076349374
70.38815954724848,2.48659636810523,0.5280397379998796,33.0,8.0,5.117265697478532,0.6182484543144042,1.169,0.24242424242424243,3.8172656974785326,2.702119638172335,1.6326202529381926
77.89563270976952,2.633365721969378,0.7282843630794753,30.0,18.0,2.281380641267638,0.2886641442252228,1.117,0.6,0.981380641267638,1.6614938472674468,0.8247808041139414
80.96895019562555,2.2152362088592525,0.6772106605827493,32.0,21.0,3.34344141204698,0.29071498538523,1.0908,0.65625,2.04344141204698,2.2642141672720553,1.2070006394174315
92.94555890978113,2.128678597051681,0.2714285215226729,19.0,12.0,3.505714739726092,0.2825629323722108,1.084,0.631578947368421,2.2057147397260923,0.9515509686840952,1.2543944197336638
104.52724497794937,1.862246014054108,0.7940812244508422,24.0,5.0,2.5093882343127256,0.3849169153908244,0.955,0.20833333333333334,1.2093882343127256,1.992658081725586,0.9200389920868682
83.75507284956942,2.300460500882968,0.2448300122377182,17.0,10.0,2.9242320886758915,0.3948593971422542,1.1362,0.5882352941176471,1.6242320886758914,0.7159397780564467,1.0730319124297727
81.48305428048069,1.2729122198637892,0.6180489996172119,33.0,17.0,3.426495578560089,0.4439997626860134,1.0537,0.5151515151515151,2.126495578560089,2.1177421645218626,1.2315380416766717
94.99092706345552,1.4074954277373146,0.7443951832826241,29.0,10.0,4.881681819226508,0.6497016044962645,0.9835,0.3448275862068966,3.5816818192265085,3.6339004325505706,1.5854897955794243
68.35871861543943,1.3002563647212777,0.4613271814696025,22.0,5.0,4.3365708548483,0.648223924790641,1.1333,0.22727272727272727,3.0365708548483,2.0005780097103907,1.46708391018756
77.44235367340805,1.753411038796716,0.3431316180268043,12.0,8.0,2.7351564457105555,0.3283054801753677,1.1277,0.6666666666666666,1.4351564457105555,0.9385186567731061,1.0061886355947023
98.15762746471243,1.732674836290483,0.6135930094114345,22.0,6.0,3.017594725822808,0.6899246325160833,1.0002,0.2727272727272727,1.717594725822808,1.8515750290016892,1.1044600656502008
70.00270930749664,2.442253323197158,0.6060562810450154,13.0,7.0,3.557612196552395,0.582655197567987,1.159,0.5384615384615384,2.2576121965523948,2.156113217242933,1.2690895885175564
105.31173441601985,1.4877274160241325,0.6746429135967185,15.0,7.0,2.675563034097651,0.562836056062062,0.9496,0.4666666666666667,1.3755630340976508,1.8050496408353154,0.9841598382366596
91.86206320086612,1.1871809195864396,0.5058407865019153,12.0,5.0,5.868353236097259,0.637059824051168,1.0174,0.4166666666666667,4.568353236097259,2.9684524164184976,1.7695740554862236
109.13590190849548,2.997953124783532,0.2481576010135122,14.0,5.0,3.113892339669887,0.4813286897515976,1.0534,0.35714285714285715,1.8138923396698872,0.7727360528268319,1.1358734998115414
95.87562274433112,2.0039053243059874,0.735054710972892,16.0,9.0,3.298874288710042,0.3450595901152213,1.0074,0.5625,1.9988742887100421,2.424853086823665,1.1935812856428711
102.30709075625208,1.0450324935645148,0.5611151659822337,18.0,4.0,4.906956128445861,0.3175631454888817,0.9574,0.2222222222222222,3.6069561284458613,2.753367502480438,1.5906538164616977
77.83873718970061,2.5637053970158057,0.6045449127537619,25.0,18.0,3.8694045387504095,0.5140980007617975,1.1295,0.72,2.569404538750409,2.3392288292878765,1.3531006292471432
87.56757961567428,2.8931553282199154,0.4109687632603137,32.0,21.0,1.9948256530807305,0.631344516412502,1.1249,0.65625,0.6948256530807304,0.8198110315665353,0.6905566545834453
70.50891762795699,2.51707311277196,0.4868763341241203,28.0,6.0,4.610032399594471,0.2260442908395574,1.175,0.21428571428571427,3.310032399594471,2.2445156749079778,1.528234885095459
108.34316323503148,1.0629955306312149,0.4417786144607548,14.0,7.0,3.767578227579969,0.5333429820045881,0.9461,0.5,2.4675782275799687,1.6644354892527848,1.3264324150932525
66.72458153715547,1.7808440982539515,0.3294883830103928,19.0,5.0,1.5931414381769595,0.2707457997806805,1.1786,0.2631578947368421,0.2931414381769595,0.524921596371778,0.46570781429161134
65.01943947286807,1.6052058657792545,0.7132168347194725,18.0,12.0,5.528659531754524,0.6397598196211635,1.1305,0.6666666666666666,4.228659531754524,3.943133051479603,1.709945386829717
99.4484460107394,2.8795572063791406,0.679385508271634,20.0,9.0,5.889982611203125,0.6204091329564896,1.0376,0.45,4.5899826112031255,4.001568830023321,1.7732530454016036
83.3122099991228,2.5589132287087173,0.3108347465764668,12.0,5.0,4.668570193533793,0.3402920268926258,1.1415,0.4166666666666667,3.3685701935337935,1.4511538329815232,1.5408528563935087
87.28568642584867,2.554962804074135,0.5574192991144793,16.0,8.0,5.046520985317775,0.3434557506746747,1.0927,0.5,3.746520985317775,2.8130281906023455,1.6186990920786541
107.85560242914497,1.3738266636785437,0.5338893375527975,20.0,8.0,1.830868640256085,0.6331548920747689,0.9507,0.4,0.5308686402560849,0.9774812454925124,0.6047905210412808
65.61872848251079,2.9364600906854035,0.785127933082264,25.0,19.0,2.772523532317271,0.5922712873955068,1.1784,0.76,1.4725235323172707,2.1767856703501964,1.0197579279673274
96.31414185257512,2.850409307645622,0.7074662236656384,34.0,21.0,2.161819106127943,0.2139221756863158,1.0468,0.6176470588235294,0.8618191061279428,1.5294139992605615,0.7709500460254594
76.5915958678995,2.870709935063793,0.4674715799213576,20.0,9.0,1.685969883274396,0.2067758505001731,1.166,0.45,0.38596988327439585,0.7881430050341087,0.5223409965935474
108.54712940200376,2.942710674744548,0.322537681643061,22.0,11.0,4.094420531580677,0.2939421291247096,1.0442,0.5,2.794420531580677,1.320604905927781,1.4096252009625625
98.24745950976174,2.2325828511673755,0.4725116811777374,34.0,11.0,2.542606274062398,0.4988202393647946,1.0398,0.3235294117647059,1.2426062740623978,1.2014111651302866,0.9331896471082801
112.57085339603796,1.957444384603281,0.4948743192383832,29.0,18.0,1.8053173705317271,0.2301993218750797,0.9606,0.6206896551724138,0.5053173705317271,0.8934052047511165,0.5907364048782499
61.32138395756759,2.1271238749676176,0.4345781273560054,16.0,7.0,1.6447094434404297,0.2160980214638561,1.2052,0.4375,0.34470944344042964,0.7147547499750798,0.4975637384889988
90.51781977983644,2.723703736674956,0.7551998606566519,19.0,14.0,3.955164758355637,0.6695692583525124,1.0611,0.7368421052631579,2.655164758355637,2.9869398743842774,1.3750222585960925
74.28700842286126,1.9061941094053352,0.7021817450866419,17.0,5.0,5.496372934540705,0.7811001193712053,1.1038,0.29411764705882354,4.1963729345407055,3.8594527388227795,1.7040884082476362
60.01332262959632,1.4678558908883406,0.3414136895556461,12.0,8.0,3.923729636956866,0.237474814757289,1.1932,0.6666666666666666,2.623729636956866,1.3396150121722794,1.3670426394713253
62.3988719895634,1.726558950012535,0.4435063071960569,30.0,17.0,4.005886515653288,0.4626026862736188,1.1813,0.5666666666666667,2.7058865156532885,1.7766359356038692,1.387764908248577
99.2783362200294,2.3241042866924726,0.6756172873043138,35.0,11.0,3.2380332838144588,0.5346105408091271,1.0139,0.3142857142857143,1.9380332838144587,2.187671263411804,1.1749661343299942
112.02962393151348,2.452105844601536,0.3781871677785476,27.0,9.0,1.694329013523204,0.2935608364915118,0.9997,0.3333333333333333,0.39432901352320404,0.6407734909093611,0.5272868002300793
98.82201535227348,1.5543779909240918,0.4250114437069932,15.0,9.0,5.749624478423988,0.2920378563801718,1.0128,0.6,4.4496244784239884,2.443656200348047,1.7491345445764164
92.59096018555864,1.0291636468365644,0.6973367566211036,35.0,21.0,2.10262604649205,0.7469020107352351,0.9832,0.6,0.80262604649205,1.46623842764782,0.7431870618370988
118.5020255730066,1.149929974899829,0.4548898394093072,14.0,7.0,2.518432863636191,0.7268398324717409,0.9029,0.5,1.2184328636361907,1.1456095209025885,0.923636828566617
101.31468549706844,2.6533580440968065,0.6247154750992776,22.0,9.0,1.884509359844728,0.5038543664242652,1.0259,0.4090909090909091,0.584509359844728,1.1772821600644348,0.6336675004650287
100.85939629931023,2.4694387100737307,0.2532882991779301,20.0,15.0,3.2029603908155986,0.3463089382536955,1.0661,0.75,1.9029603908155985,0.8112723897239613,1.1640755042738171
78.6055289354855,2.7606451750958634,0.4230365444968171,32.0,13.0,2.855967598175553,0.2975845463633271,1.1576,0.40625,1.5559675981755527,1.2081786639270602,1.0494106992363539
67.37960045297639,2.494857697480449,0.7015888525436043,35.0,9.0,3.27843774617193,0.3758872469155835,1.1612,0.2571428571428571,1.9784377461719298,2.3001153764724043,1.1873670120318522
63.31331611508744,1.774708416276905,0.3809925530799143,25.0,20.0,3.622256879102299,0.2968130875658528,1.1872,0.8,2.322256879102299,1.3800528962804675,1.287097278840999
70.94591030859479,2.9662323707167886,0.3945791088923791,35.0,26.0,3.035975541463936,0.3570337512685345,1.2047,0.7428571428571429,1.735975541463936,1.1979325237698981,1.1105328033296333
110.52102312383408,1.2954438744668575,0.4577043429445017,24.0,18.0,5.6857029469737945,0.7802134776393002,0.9448,0.75,4.385702946973795,2.6023709315222576,1.73795476898225
72.84552662032483,1.3837639669470367,0.5871549638890741,30.0,6.0,4.585412328786463,0.6936945877937253,1.1012,0.2,3.285412328786463,2.6923476103251307,1.522880031607495
83.85282996014526,1.3047399681215346,0.4457634158444742,29.0,16.0,2.86790521317304,0.7064715284389889,1.0661,0.5517241379310345,1.56790521317304,1.2784072241421893,1.053581872391022
92.17936425380566,2.1799074553379025,0.482525771706543,11.0,7.0,5.779712124279941,0.7185056863300898,1.0634,0.6363636363636364,4.479712124279941,2.7888600530098415,1.7543538759560522
